-- liquibase formatted sql

-- changeset apim:1738745134900-1:any
CREATE TABLE TB_CM_BAT_INFO (BAT_ID VARCHAR2(64 BYTE) NOT NULL, BAT_NM VARCHAR2(30 BYTE), BAT_CLSS VARCHAR2(256 BYTE), BAT_TYPE VARCHAR2(1 BYTE), BAT_INTERVAL VARCHAR2(4 BYTE), ST_TM VARCHAR2(4 BYTE), ED_TM VARCHAR2(4 BYTE), BAT_DESC VARCHAR2(256 BYTE), USE_YN CHAR(1 BYTE), TG_ND VARCHAR2(2 BYTE), BAT_STATUS VARCHAR2(4 BYTE), RG_DTM date NOT NULL, RGMN VARCHAR2(20 BYTE), CHG_DTM date NOT NULL, CHGNM VARCHAR2(20 BYTE), CONSTRAINT PK_CM_BAT_INFO PRIMARY KEY (BAT_ID)) TABLESPACE MYTABLESPACE;
COMMENT ON TABLE TB_CM_BAT_INFO IS '웹 배치 프로그램 정보';
COMMENT ON COLUMN TB_CM_BAT_INFO.BAT_ID IS '배치프로그램ID';
COMMENT ON COLUMN TB_CM_BAT_INFO.BAT_NM IS '배치프로그램명';
COMMENT ON COLUMN TB_CM_BAT_INFO.BAT_CLSS IS '클래스정보';
COMMENT ON COLUMN TB_CM_BAT_INFO.BAT_TYPE IS '배치타입';
COMMENT ON COLUMN TB_CM_BAT_INFO.BAT_INTERVAL IS '실행주기';
COMMENT ON COLUMN TB_CM_BAT_INFO.ST_TM IS '시작시각(HHMM)';
COMMENT ON COLUMN TB_CM_BAT_INFO.ED_TM IS '종료시각(HHMM)';
COMMENT ON COLUMN TB_CM_BAT_INFO.BAT_DESC IS '설명';
COMMENT ON COLUMN TB_CM_BAT_INFO.USE_YN IS '사용여부';
COMMENT ON COLUMN TB_CM_BAT_INFO.TG_ND IS '대상노드';
COMMENT ON COLUMN TB_CM_BAT_INFO.BAT_STATUS IS '배치프로그램상태';
COMMENT ON COLUMN TB_CM_BAT_INFO.RG_DTM IS '등록일시';
COMMENT ON COLUMN TB_CM_BAT_INFO.RGMN IS '등록자';
COMMENT ON COLUMN TB_CM_BAT_INFO.CHG_DTM IS '수정일시';
COMMENT ON COLUMN TB_CM_BAT_INFO.CHGNM IS '수정자';

-- changeset apim:1738745134900-2:any
CREATE TABLE TB_CM_BAT_LOG (BAT_ID VARCHAR2(64 BYTE) NOT NULL, BAT_EXEC_TSTMP TIMESTAMP(6) NOT NULL, RESULT CHAR(1 BYTE), TOT_CNT NUMBER NOT NULL, SUCC_CNT NUMBER NOT NULL, FAIL_CNT NUMBER NOT NULL, COMMENTARY VARCHAR2(256 BYTE), EXEC_DTTM date NOT NULL, NODE_NO VARCHAR2(2 BYTE), CONSTRAINT PK_CM_BAT_LOG PRIMARY KEY (BAT_ID, BAT_EXEC_TSTMP)) TABLESPACE MYTABLESPACE;
COMMENT ON TABLE TB_CM_BAT_LOG IS '웹 배치실행내역';
COMMENT ON COLUMN TB_CM_BAT_LOG.BAT_ID IS '배치프로그램ID';
COMMENT ON COLUMN TB_CM_BAT_LOG.BAT_EXEC_TSTMP IS '배치수행날짜';
COMMENT ON COLUMN TB_CM_BAT_LOG.RESULT IS '실행결과';
COMMENT ON COLUMN TB_CM_BAT_LOG.TOT_CNT IS '총 횟수';
COMMENT ON COLUMN TB_CM_BAT_LOG.SUCC_CNT IS '성공횟수';
COMMENT ON COLUMN TB_CM_BAT_LOG.FAIL_CNT IS '실패횟수';
COMMENT ON COLUMN TB_CM_BAT_LOG.COMMENTARY IS '상세내역';
COMMENT ON COLUMN TB_CM_BAT_LOG.EXEC_DTTM IS '실행일시';
COMMENT ON COLUMN TB_CM_BAT_LOG.NODE_NO IS '노드번호';

-- changeset apim:1738745134900-3:any
CREATE TABLE TB_CM_BAT_OPTS (BAT_ID VARCHAR2(64 BYTE) NOT NULL, OPT_SEQ NUMBER NOT NULL, OPT_NM VARCHAR2(256 BYTE), OPT_DESC VARCHAR2(256 BYTE), OPT_DATA VARCHAR2(64 BYTE), RG_DTM date NOT NULL, RGMN VARCHAR2(20 BYTE), CHG_DTM date NOT NULL, CHGNM VARCHAR2(20 BYTE), CONSTRAINT PK_CM_BAT_OPTS PRIMARY KEY (BAT_ID, OPT_SEQ)) TABLESPACE MYTABLESPACE;
COMMENT ON TABLE TB_CM_BAT_OPTS IS '웹 배치 프로그램 옵션 정보';
COMMENT ON COLUMN TB_CM_BAT_OPTS.BAT_ID IS '배치프로그램ID';
COMMENT ON COLUMN TB_CM_BAT_OPTS.OPT_SEQ IS '옵션순서';
COMMENT ON COLUMN TB_CM_BAT_OPTS.OPT_NM IS '옵션명';
COMMENT ON COLUMN TB_CM_BAT_OPTS.OPT_DESC IS '옵션 설명';
COMMENT ON COLUMN TB_CM_BAT_OPTS.OPT_DATA IS '옵션 값';
COMMENT ON COLUMN TB_CM_BAT_OPTS.RG_DTM IS '등록일시';
COMMENT ON COLUMN TB_CM_BAT_OPTS.RGMN IS '등록자';
COMMENT ON COLUMN TB_CM_BAT_OPTS.CHG_DTM IS '수정일시';
COMMENT ON COLUMN TB_CM_BAT_OPTS.CHGNM IS '수정자';

-- changeset apim:1738745134900-4:any
CREATE TABLE TB_CM_CD_INF (C_GRP_ID VARCHAR2(5 BYTE) NOT NULL, C_VAL VARCHAR2(64 BYTE) NOT NULL, CNM VARCHAR2(128 BYTE), SIMP_C_SORT_SQ NUMBER(11, 0), MEMO_CNTN1 VARCHAR2(200 BYTE), MEMO_CNTN2 VARCHAR2(200 BYTE), MEMO_CNTN3 VARCHAR2(200 BYTE), MEMO_CNTN4 VARCHAR2(200 BYTE), MEMO_CNTN5 VARCHAR2(200 BYTE), UYN CHAR(1 BYTE), FSRG_DTM date, FSRGMN_ENO VARCHAR2(20 BYTE), LSCHG_DTM date NOT NULL, LS_CMENO VARCHAR2(20 BYTE) NOT NULL, CONSTRAINT PK_CM_CD_INF PRIMARY KEY (C_GRP_ID, C_VAL)) TABLESPACE MYTABLESPACE;
COMMENT ON TABLE TB_CM_CD_INF IS '공통_코드정보';
COMMENT ON COLUMN TB_CM_CD_INF.C_GRP_ID IS '코드그룹ID';
COMMENT ON COLUMN TB_CM_CD_INF.C_VAL IS '코드값';
COMMENT ON COLUMN TB_CM_CD_INF.CNM IS '코드명';
COMMENT ON COLUMN TB_CM_CD_INF.SIMP_C_SORT_SQ IS '단순코드정렬순서';
COMMENT ON COLUMN TB_CM_CD_INF.MEMO_CNTN1 IS '메모내용1';
COMMENT ON COLUMN TB_CM_CD_INF.MEMO_CNTN2 IS '메모내용2';
COMMENT ON COLUMN TB_CM_CD_INF.MEMO_CNTN3 IS '메모내용3';
COMMENT ON COLUMN TB_CM_CD_INF.MEMO_CNTN4 IS '메모내용4';
COMMENT ON COLUMN TB_CM_CD_INF.MEMO_CNTN5 IS '메모내용5';
COMMENT ON COLUMN TB_CM_CD_INF.UYN IS '사용여부';
COMMENT ON COLUMN TB_CM_CD_INF.FSRG_DTM IS '최초등록일시';
COMMENT ON COLUMN TB_CM_CD_INF.FSRGMN_ENO IS '최초등록자개인번호';
COMMENT ON COLUMN TB_CM_CD_INF.LSCHG_DTM IS '최종변경일시';
COMMENT ON COLUMN TB_CM_CD_INF.LS_CMENO IS '최종변경자개인번호';

-- changeset apim:1738745134900-5:any
CREATE TABLE TB_CM_DEPT_INFO (DEPT_ID VARCHAR2(32 BYTE) NOT NULL, DEPT_NM VARCHAR2(100 BYTE), DEPT_PARENT VARCHAR2(32 BYTE), DEPT_DEPT NUMBER(5, 0), DEPT_ORDER NUMBER(5, 0), CONSTRAINT PK_CM_DEPT_INFO PRIMARY KEY (DEPT_ID)) TABLESPACE MYTABLESPACE;
COMMENT ON TABLE TB_CM_DEPT_INFO IS '조직 정보';
COMMENT ON COLUMN TB_CM_DEPT_INFO.DEPT_ID IS '조직ID';
COMMENT ON COLUMN TB_CM_DEPT_INFO.DEPT_NM IS '조직명';
COMMENT ON COLUMN TB_CM_DEPT_INFO.DEPT_PARENT IS '상위조직';
COMMENT ON COLUMN TB_CM_DEPT_INFO.DEPT_DEPT IS '조직계층';
COMMENT ON COLUMN TB_CM_DEPT_INFO.DEPT_ORDER IS '조직순서';

-- changeset apim:1738745134900-6:any
CREATE TABLE TB_CM_MN_INF (MENU_ID VARCHAR2(20 BYTE) NOT NULL, MENU_DSC VARCHAR2(1 BYTE), UP_MENU_ID VARCHAR2(20 BYTE), MNNM_CNTN VARCHAR2(128 BYTE), MENU_ENM VARCHAR2(128 BYTE), MENU_EARNM VARCHAR2(4 BYTE), MENU_LVL_C CHAR(1 BYTE), MENU_SORT_SQ NUMBER(10, 0), MENU_PGID VARCHAR2(20 BYTE), MENU_IMGNM VARCHAR2(128 BYTE), MENU_UYN CHAR(1 BYTE), FSRG_DTM date, FSRGMN_ENO VARCHAR2(20 BYTE), LSCHG_DTM date NOT NULL, LS_CMENO VARCHAR2(20 BYTE) NOT NULL, CONSTRAINT PK_CM_MN_INF PRIMARY KEY (MENU_ID)) TABLESPACE MYTABLESPACE;
COMMENT ON TABLE TB_CM_MN_INF IS '공통_메뉴정보';
COMMENT ON COLUMN TB_CM_MN_INF.MENU_ID IS '메뉴ID';
COMMENT ON COLUMN TB_CM_MN_INF.MENU_DSC IS '메뉴구분코드';
COMMENT ON COLUMN TB_CM_MN_INF.UP_MENU_ID IS '상위메뉴ID';
COMMENT ON COLUMN TB_CM_MN_INF.MNNM_CNTN IS '메뉴명내용';
COMMENT ON COLUMN TB_CM_MN_INF.MENU_ENM IS '메뉴영문명';
COMMENT ON COLUMN TB_CM_MN_INF.MENU_EARNM IS '메뉴영문약어명';
COMMENT ON COLUMN TB_CM_MN_INF.MENU_LVL_C IS '메뉴레벨코드';
COMMENT ON COLUMN TB_CM_MN_INF.MENU_SORT_SQ IS '메뉴정렬순서';
COMMENT ON COLUMN TB_CM_MN_INF.MENU_PGID IS '메뉴프로그램ID';
COMMENT ON COLUMN TB_CM_MN_INF.MENU_IMGNM IS '메뉴이미지명';
COMMENT ON COLUMN TB_CM_MN_INF.MENU_UYN IS '메뉴사용여부';
COMMENT ON COLUMN TB_CM_MN_INF.FSRG_DTM IS '최초등록일시';
COMMENT ON COLUMN TB_CM_MN_INF.FSRGMN_ENO IS '최초등록자개인번호';
COMMENT ON COLUMN TB_CM_MN_INF.LSCHG_DTM IS '최종변경일시';
COMMENT ON COLUMN TB_CM_MN_INF.LS_CMENO IS '최종변경자개인번호';

-- changeset apim:1738745134900-7:any
CREATE TABLE TB_CM_NOTICE (SQNO VARCHAR2(20 BYTE) NOT NULL, SCRN_MRK_NO NUMBER(11, 0), TINM VARCHAR2(200 BYTE), INQ_NT NUMBER(11, 0), PUP_YN CHAR(1 BYTE), CKNL_ST_DT CHAR(8 BYTE), CKNL_ED_DT CHAR(8 BYTE), BLBD_CNTN VARCHAR2(4000 BYTE), FSRG_DTM date, FSRGMN_ENO VARCHAR2(50 BYTE), LSCHG_DTM date NOT NULL, LS_CMENO VARCHAR2(20 BYTE) NOT NULL, CONSTRAINT PK_CM_NOTICE PRIMARY KEY (SQNO)) TABLESPACE MYTABLESPACE;
COMMENT ON TABLE TB_CM_NOTICE IS '공통_공지사항';
COMMENT ON COLUMN TB_CM_NOTICE.SQNO IS '일련번호';
COMMENT ON COLUMN TB_CM_NOTICE.SCRN_MRK_NO IS '화면표시번호';
COMMENT ON COLUMN TB_CM_NOTICE.TINM IS '제목명';
COMMENT ON COLUMN TB_CM_NOTICE.INQ_NT IS '조회횟수';
COMMENT ON COLUMN TB_CM_NOTICE.PUP_YN IS '팝업여부';
COMMENT ON COLUMN TB_CM_NOTICE.CKNL_ST_DT IS '공지시작일자';
COMMENT ON COLUMN TB_CM_NOTICE.CKNL_ED_DT IS '공지종료일자';
COMMENT ON COLUMN TB_CM_NOTICE.BLBD_CNTN IS '게시판내용';
COMMENT ON COLUMN TB_CM_NOTICE.FSRG_DTM IS '최초등록일시';
COMMENT ON COLUMN TB_CM_NOTICE.FSRGMN_ENO IS '최초등록자개인번호';
COMMENT ON COLUMN TB_CM_NOTICE.LSCHG_DTM IS '최종변경일시';
COMMENT ON COLUMN TB_CM_NOTICE.LS_CMENO IS '최종변경자개인번호';

-- changeset apim:1738745134900-8:any
CREATE TABLE TB_CM_PRG_INF (PGID VARCHAR2(20 BYTE) NOT NULL, PGMNM VARCHAR2(128 BYTE), MENU_ID VARCHAR2(20 BYTE), BSC_FL_PATHNM VARCHAR2(255 BYTE), IMG_URLNM VARCHAR2(255 BYTE), SCRN_DSC CHAR(1 BYTE), SIMP_C_SORT_SQ NUMBER(10, 0), UYN CHAR(1 BYTE), FSRG_DTM date, FSRGMN_ENO VARCHAR2(20 BYTE), LSCHG_DTM date NOT NULL, LS_CMENO VARCHAR2(20 BYTE) NOT NULL, CONSTRAINT PK_CM_PRG_INF PRIMARY KEY (PGID)) TABLESPACE MYTABLESPACE;
COMMENT ON TABLE TB_CM_PRG_INF IS '공통_프로그램정보';
COMMENT ON COLUMN TB_CM_PRG_INF.PGID IS '프로그램ID';
COMMENT ON COLUMN TB_CM_PRG_INF.PGMNM IS '프로그램명';
COMMENT ON COLUMN TB_CM_PRG_INF.MENU_ID IS '메뉴ID';
COMMENT ON COLUMN TB_CM_PRG_INF.BSC_FL_PATHNM IS '기본파일경로명';
COMMENT ON COLUMN TB_CM_PRG_INF.IMG_URLNM IS '이미지URL명';
COMMENT ON COLUMN TB_CM_PRG_INF.SCRN_DSC IS '화면구분코드';
COMMENT ON COLUMN TB_CM_PRG_INF.SIMP_C_SORT_SQ IS '단순코드정렬순서';
COMMENT ON COLUMN TB_CM_PRG_INF.UYN IS '사용여부';
COMMENT ON COLUMN TB_CM_PRG_INF.FSRG_DTM IS '최초등록일시';
COMMENT ON COLUMN TB_CM_PRG_INF.FSRGMN_ENO IS '최초등록자개인번호';
COMMENT ON COLUMN TB_CM_PRG_INF.LSCHG_DTM IS '최종변경일시';
COMMENT ON COLUMN TB_CM_PRG_INF.LS_CMENO IS '최종변경자개인번호';

-- changeset apim:1738745134900-9:any
CREATE TABLE TB_CM_USR (USR_ID VARCHAR2(20 BYTE) NOT NULL, USR_NM VARCHAR2(32 BYTE) NOT NULL, USR_PW VARCHAR2(128 BYTE), AUTH_GRP_ID VARCHAR2(8 BYTE), TELNO VARCHAR2(14 BYTE), MPNO VARCHAR2(14 BYTE), DEPT_ID VARCHAR2(32 BYTE), PZCC VARCHAR2(8 BYTE), JOB_TITLE VARCHAR2(20 BYTE), LS_LGIN_DTM date, LS_LGOT_DTM date, USE_YN CHAR(1 BYTE), LGIN_FAIL_CNT NUMBER(5, 0), RG_DTM date, RG_ID VARCHAR2(20 BYTE), CHG_DTM date, CHG_ID VARCHAR2(128 BYTE), OLD_PASSWD1 VARCHAR2(128 BYTE), OLD_PASSWD2 VARCHAR2(128 BYTE), OLD_PASSWD3 VARCHAR2(128 BYTE), OLD_PASSWD4 VARCHAR2(128 BYTE), PASSWD_UP_DT date, PASSWD_SQ NUMBER, CONSTRAINT PK_CM_USR PRIMARY KEY (USR_ID, USR_NM)) TABLESPACE MYTABLESPACE;
COMMENT ON TABLE TB_CM_USR IS '사용자정보';
COMMENT ON COLUMN TB_CM_USR.USR_ID IS '사용자ID';
COMMENT ON COLUMN TB_CM_USR.USR_NM IS '사용자명';
COMMENT ON COLUMN TB_CM_USR.USR_PW IS '사용자비밀번호';
COMMENT ON COLUMN TB_CM_USR.AUTH_GRP_ID IS '기본권한코드';
COMMENT ON COLUMN TB_CM_USR.TELNO IS '전화번호';
COMMENT ON COLUMN TB_CM_USR.MPNO IS '휴대전화번호';
COMMENT ON COLUMN TB_CM_USR.DEPT_ID IS '소속';
COMMENT ON COLUMN TB_CM_USR.PZCC IS '직급코드';
COMMENT ON COLUMN TB_CM_USR.JOB_TITLE IS '직책명';
COMMENT ON COLUMN TB_CM_USR.LS_LGIN_DTM IS '최종로그인일시';
COMMENT ON COLUMN TB_CM_USR.LS_LGOT_DTM IS '최종로그아웃일시';
COMMENT ON COLUMN TB_CM_USR.USE_YN IS '사용여부';
COMMENT ON COLUMN TB_CM_USR.LGIN_FAIL_CNT IS '로그인실패횟수';
COMMENT ON COLUMN TB_CM_USR.RG_DTM IS '등록일시';
COMMENT ON COLUMN TB_CM_USR.RG_ID IS '등록자';
COMMENT ON COLUMN TB_CM_USR.CHG_DTM IS '변경일시';
COMMENT ON COLUMN TB_CM_USR.CHG_ID IS '변경자';
COMMENT ON COLUMN TB_CM_USR.OLD_PASSWD1 IS '과거패스워드1';
COMMENT ON COLUMN TB_CM_USR.OLD_PASSWD2 IS '과거패스워드2';
COMMENT ON COLUMN TB_CM_USR.OLD_PASSWD3 IS '과거패스워드3';
COMMENT ON COLUMN TB_CM_USR.OLD_PASSWD4 IS '과거패스워드4';
COMMENT ON COLUMN TB_CM_USR.PASSWD_UP_DT IS '패스워드변경일시';
COMMENT ON COLUMN TB_CM_USR.PASSWD_SQ IS '과거패스워드순번';

-- changeset apim:1738745134900-10:any
CREATE TABLE TB_CM_USR_GRP (AUTH_GRP_ID VARCHAR2(8 BYTE) NOT NULL, GRPNM VARCHAR2(64 BYTE), FSRG_DTM date, FSRGMN_ENO VARCHAR2(20 BYTE), LSCHG_DTM date NOT NULL, LS_CMENO VARCHAR2(20 BYTE) NOT NULL, CONSTRAINT PK_CM_USR_GRP PRIMARY KEY (AUTH_GRP_ID)) TABLESPACE MYTABLESPACE;
COMMENT ON TABLE TB_CM_USR_GRP IS '공통_사용자그룹';
COMMENT ON COLUMN TB_CM_USR_GRP.AUTH_GRP_ID IS '권한그룹ID';
COMMENT ON COLUMN TB_CM_USR_GRP.GRPNM IS '그룹명';
COMMENT ON COLUMN TB_CM_USR_GRP.FSRG_DTM IS '최초등록일시';
COMMENT ON COLUMN TB_CM_USR_GRP.FSRGMN_ENO IS '최초등록자개인번호';
COMMENT ON COLUMN TB_CM_USR_GRP.LSCHG_DTM IS '최종변경일시';
COMMENT ON COLUMN TB_CM_USR_GRP.LS_CMENO IS '최종변경자개인번호';

-- changeset apim:1738745134900-11:any
CREATE TABLE TB_CM_USR_PRG_LST (AUTH_GRP_ID VARCHAR2(8 BYTE) NOT NULL, PGID VARCHAR2(20 BYTE) NOT NULL, INQ_AUTH_YN CHAR(1 BYTE), RG_AUTH_YN CHAR(1 BYTE), MOD_AUTH_YN CHAR(1 BYTE), DEL_AUTH_YN CHAR(1 BYTE), UYN CHAR(1 BYTE), FSRG_DTM date, FSRGMN_ENO VARCHAR2(20 BYTE), LSCHG_DTM date NOT NULL, LS_CMENO VARCHAR2(20 BYTE) NOT NULL, CONSTRAINT PK_CM_USR_PRG_LST PRIMARY KEY (AUTH_GRP_ID, PGID)) TABLESPACE MYTABLESPACE;
COMMENT ON TABLE TB_CM_USR_PRG_LST IS '공통_사용자그룹별프로그램목록';
COMMENT ON COLUMN TB_CM_USR_PRG_LST.AUTH_GRP_ID IS '권한그룹ID';
COMMENT ON COLUMN TB_CM_USR_PRG_LST.PGID IS '프로그램ID';
COMMENT ON COLUMN TB_CM_USR_PRG_LST.INQ_AUTH_YN IS '조회권한여부';
COMMENT ON COLUMN TB_CM_USR_PRG_LST.RG_AUTH_YN IS '등록권한여부';
COMMENT ON COLUMN TB_CM_USR_PRG_LST.MOD_AUTH_YN IS '수정권한여부';
COMMENT ON COLUMN TB_CM_USR_PRG_LST.DEL_AUTH_YN IS '삭제권한여부';
COMMENT ON COLUMN TB_CM_USR_PRG_LST.UYN IS '사용여부';
COMMENT ON COLUMN TB_CM_USR_PRG_LST.FSRG_DTM IS '최초등록일시';
COMMENT ON COLUMN TB_CM_USR_PRG_LST.FSRGMN_ENO IS '최초등록자개인번호';
COMMENT ON COLUMN TB_CM_USR_PRG_LST.LSCHG_DTM IS '최종변경일시';
COMMENT ON COLUMN TB_CM_USR_PRG_LST.LS_CMENO IS '최종변경자개인번호';

-- changeset apim:1738745134900-12:any
CREATE TABLE TB_CM_WEB_LOG (OCU_DT CHAR(8 BYTE) NOT NULL, DRUP_HR NUMBER(9, 0) NOT NULL, PGMNM VARCHAR2(128 BYTE), BSNID VARCHAR2(20 BYTE), CONN_IPADR VARCHAR2(50 BYTE), TGRM_CNTN VARCHAR2(4000 BYTE), LS_STSC VARCHAR2(5 BYTE), FSRG_DTM date, FSRGMN_ENO VARCHAR2(20 BYTE), LSCHG_DTM date NOT NULL, LS_CMENO VARCHAR2(20 BYTE) NOT NULL, CONSTRAINT PK_CM_WEB_LOG PRIMARY KEY (OCU_DT, DRUP_HR)) TABLESPACE MYTABLESPACE;
COMMENT ON TABLE TB_CM_WEB_LOG IS '공통_웹히스토리로그';
COMMENT ON COLUMN TB_CM_WEB_LOG.OCU_DT IS '발생일자';
COMMENT ON COLUMN TB_CM_WEB_LOG.DRUP_HR IS '작성시간';
COMMENT ON COLUMN TB_CM_WEB_LOG.PGMNM IS '프로그램명';
COMMENT ON COLUMN TB_CM_WEB_LOG.BSNID IS '업무ID';
COMMENT ON COLUMN TB_CM_WEB_LOG.CONN_IPADR IS '접속IP주소';
COMMENT ON COLUMN TB_CM_WEB_LOG.TGRM_CNTN IS '전문내용';
COMMENT ON COLUMN TB_CM_WEB_LOG.LS_STSC IS '최종상태코드';
COMMENT ON COLUMN TB_CM_WEB_LOG.FSRG_DTM IS '최초등록일시';
COMMENT ON COLUMN TB_CM_WEB_LOG.FSRGMN_ENO IS '최초등록자개인번호';
COMMENT ON COLUMN TB_CM_WEB_LOG.LSCHG_DTM IS '최종변경일시';
COMMENT ON COLUMN TB_CM_WEB_LOG.LS_CMENO IS '최종변경자개인번호';

-- changeset apim:1738745134900-13:any
CREATE TABLE TB_EXT_CHAN_INF (CHAN_ID VARCHAR2(24 BYTE) NOT NULL, CHAN_TYPE CHAR(1 BYTE) NOT NULL, CHAN_INF VARCHAR2(128 BYTE), GRP_ID VARCHAR2(20 BYTE), SYSTM_ID VARCHAR2(3 BYTE) DEFAULT 'HUB', PROT_TYPE VARCHAR2(10 BYTE), DATA_TYPE VARCHAR2(2 BYTE), CHAN_ENC_TYPE VARCHAR2(24 BYTE), STND_YN CHAR(1 BYTE) DEFAULT 'N', XML_CNTN BLOB, RG_DT CHAR(14 BYTE), UP_DT CHAR(14 BYTE), RGNM VARCHAR2(20 BYTE), CLS_NAME VARCHAR2(128 BYTE), HD_RS_YN CHAR(1 BYTE) DEFAULT 'Y', MAX_MSG_LEN NUMBER(10, 0), LOG_LEVEL VARCHAR2(6 BYTE), LOG_TYPE VARCHAR2(1 BYTE), LOG_LENGTH VARCHAR2(5 BYTE), IF_BY_TGRM_SEQ CHAR(1 BYTE) DEFAULT 'N', TASK_CLCD VARCHAR2(1024 BYTE)) TABLESPACE MYTABLESPACE;
COMMENT ON TABLE TB_EXT_CHAN_INF IS '채널정보';
COMMENT ON COLUMN TB_EXT_CHAN_INF.CHAN_ID IS '채널ID';
COMMENT ON COLUMN TB_EXT_CHAN_INF.CHAN_TYPE IS '채널구분';
COMMENT ON COLUMN TB_EXT_CHAN_INF.CHAN_INF IS '채널명';
COMMENT ON COLUMN TB_EXT_CHAN_INF.GRP_ID IS '그룹ID';
COMMENT ON COLUMN TB_EXT_CHAN_INF.SYSTM_ID IS '시스템ID';
COMMENT ON COLUMN TB_EXT_CHAN_INF.PROT_TYPE IS '프로토콜타입';
COMMENT ON COLUMN TB_EXT_CHAN_INF.DATA_TYPE IS '데이터타입';
COMMENT ON COLUMN TB_EXT_CHAN_INF.CHAN_ENC_TYPE IS '인코딩타입';
COMMENT ON COLUMN TB_EXT_CHAN_INF.STND_YN IS '표준여부';
COMMENT ON COLUMN TB_EXT_CHAN_INF.XML_CNTN IS '채널뮬컨피그';
COMMENT ON COLUMN TB_EXT_CHAN_INF.RG_DT IS '등록일시';
COMMENT ON COLUMN TB_EXT_CHAN_INF.UP_DT IS '변경일시';
COMMENT ON COLUMN TB_EXT_CHAN_INF.RGNM IS '등록자';
COMMENT ON COLUMN TB_EXT_CHAN_INF.CLS_NAME IS '클래스명';
COMMENT ON COLUMN TB_EXT_CHAN_INF.HD_RS_YN IS '헤더복원여부';
COMMENT ON COLUMN TB_EXT_CHAN_INF.MAX_MSG_LEN IS '최대전문길이';
COMMENT ON COLUMN TB_EXT_CHAN_INF.LOG_LEVEL IS '로그레벨';
COMMENT ON COLUMN TB_EXT_CHAN_INF.LOG_TYPE IS '로그타입';
COMMENT ON COLUMN TB_EXT_CHAN_INF.LOG_LENGTH IS '로그길이';
COMMENT ON COLUMN TB_EXT_CHAN_INF.IF_BY_TGRM_SEQ IS '계정계채널여부';
COMMENT ON COLUMN TB_EXT_CHAN_INF.TASK_CLCD IS '업무분류코드';

-- changeset apim:1738745134900-14
CREATE TABLE TB_GTW_API_FALLBACK (FALLBACK_ID VARCHAR2(256 BYTE) NOT NULL, FALLBACK_NM VARCHAR2(256 BYTE), FALLBACK_MSG VARCHAR2(512 BYTE), RG_DTM date, RG_ID VARCHAR2(20 BYTE), CHG_DTM date, CHG_ID VARCHAR2(20 BYTE), CONSTRAINT PK_GTW_API_FALLBACK PRIMARY KEY (FALLBACK_ID)) TABLESPACE MYTABLESPACE;
COMMENT ON TABLE TB_GTW_API_FALLBACK IS 'fallback 정보';
COMMENT ON COLUMN TB_GTW_API_FALLBACK.FALLBACK_ID IS 'fallback ID';
COMMENT ON COLUMN TB_GTW_API_FALLBACK.FALLBACK_NM IS 'fallback 명';
COMMENT ON COLUMN TB_GTW_API_FALLBACK.FALLBACK_MSG IS 'fallback 메세지';
COMMENT ON COLUMN TB_GTW_API_FALLBACK.RG_DTM IS '등록일시';
COMMENT ON COLUMN TB_GTW_API_FALLBACK.RG_ID IS '등록자';
COMMENT ON COLUMN TB_GTW_API_FALLBACK.CHG_DTM IS '수정일시';
COMMENT ON COLUMN TB_GTW_API_FALLBACK.CHG_ID IS '수정자';

-- changeset apim:1738745134900-15
CREATE TABLE TB_GTW_API_INF (API_ID VARCHAR2(512 BYTE) NOT NULL, API_NM VARCHAR2(2048 BYTE), RCV_PATH VARCHAR2(2048 BYTE) NOT NULL, RCV_METHOD_TYPE VARCHAR2(64 BYTE), SND_METHOD_TYPE VARCHAR2(64 BYTE), ERK_USE_YN VARCHAR2(1 BYTE), PROXY_YN VARCHAR2(1 BYTE), PRE_FLOW VARCHAR2(128 BYTE), POST_FLOW VARCHAR2(128 BYTE), USE_YN VARCHAR2(1 BYTE), SSE_YN VARCHAR2(1 BYTE), RG_DTM date, RG_ID VARCHAR2(20 BYTE), CHG_DTM date, CHG_ID VARCHAR2(20 BYTE), SND_PATH VARCHAR2(2048 BYTE) NOT NULL, ERK_INSTC_NM VARCHAR2(2048 CHAR), FALLBACK_ID VARCHAR2(256 BYTE), OAUTH_YN VARCHAR2(1 BYTE), AUTH_KEY_YN VARCHAR2(1 BYTE), LIMIT_YN VARCHAR2(1 BYTE), API_MAPPING VARCHAR2(64 BYTE), CONSTRAINT PK_GTW_API_INF PRIMARY KEY (API_ID)) TABLESPACE MYTABLESPACE;
COMMENT ON TABLE TB_GTW_API_INF IS 'API 정보';
COMMENT ON COLUMN TB_GTW_API_INF.API_ID IS 'API ID';
COMMENT ON COLUMN TB_GTW_API_INF.API_NM IS 'API 명';
COMMENT ON COLUMN TB_GTW_API_INF.RCV_PATH IS '수신 경로';
COMMENT ON COLUMN TB_GTW_API_INF.RCV_METHOD_TYPE IS '수신 메소드 타입';
COMMENT ON COLUMN TB_GTW_API_INF.SND_METHOD_TYPE IS '송신 메소드 타입';
COMMENT ON COLUMN TB_GTW_API_INF.ERK_USE_YN IS '유레카 사용여부';
COMMENT ON COLUMN TB_GTW_API_INF.PROXY_YN IS '프록시 사용여부';
COMMENT ON COLUMN TB_GTW_API_INF.PRE_FLOW IS '전처리 플로우';
COMMENT ON COLUMN TB_GTW_API_INF.POST_FLOW IS '후처리 플로우';
COMMENT ON COLUMN TB_GTW_API_INF.USE_YN IS 'API 사용 여부';
COMMENT ON COLUMN TB_GTW_API_INF.SSE_YN IS 'SSE 통신 여부';
COMMENT ON COLUMN TB_GTW_API_INF.RG_DTM IS '등록 일시';
COMMENT ON COLUMN TB_GTW_API_INF.RG_ID IS '등록자 ID';
COMMENT ON COLUMN TB_GTW_API_INF.CHG_DTM IS '변경 일시';
COMMENT ON COLUMN TB_GTW_API_INF.CHG_ID IS '변경자 ID';
COMMENT ON COLUMN TB_GTW_API_INF.SND_PATH IS '송신 경로';
COMMENT ON COLUMN TB_GTW_API_INF.FALLBACK_ID IS 'FALLBACK_ID';
COMMENT ON COLUMN TB_GTW_API_INF.OAUTH_YN IS 'oAuth 사용여부';
COMMENT ON COLUMN TB_GTW_API_INF.API_MAPPING IS 'API Mapping 키';

-- changeset apim:1738745134900-16
CREATE TABLE TB_GTW_API_INF_HIS (CHG_DTM date NOT NULL, CHG_ID VARCHAR2(20 BYTE) NOT NULL, API_ID VARCHAR2(512 BYTE) NOT NULL, API_NM VARCHAR2(2048 BYTE), RCV_PATH VARCHAR2(2048 BYTE), RCV_METHOD_TYPE VARCHAR2(64 BYTE), SND_METHOD_TYPE VARCHAR2(64 BYTE), ERK_USE_YN VARCHAR2(1 BYTE), PROXY_YN VARCHAR2(1 BYTE), PRE_FLOW VARCHAR2(128 BYTE), POST_FLOW VARCHAR2(128 BYTE), USE_YN VARCHAR2(1 BYTE), SSE_YN VARCHAR2(1 BYTE), RG_DTM date, RG_ID VARCHAR2(20 BYTE), SND_PATH VARCHAR2(2048 BYTE), ERK_INSTC_NM VARCHAR2(2048 CHAR), VERSION VARCHAR2(5 BYTE), FALLBACK_ID VARCHAR2(256 BYTE), API_MAPPING VARCHAR2(64 BYTE), OAUTH_YN VARCHAR2(1 BYTE), AUTH_KEY_YN VARCHAR2(1 BYTE), LIMIT_YN VARCHAR2(1 BYTE)) TABLESPACE MYTABLESPACE;
COMMENT ON TABLE TB_GTW_API_INF_HIS IS 'API 정보';
COMMENT ON COLUMN TB_GTW_API_INF_HIS.CHG_DTM IS '변경 일시';
COMMENT ON COLUMN TB_GTW_API_INF_HIS.CHG_ID IS '변경자 ID';
COMMENT ON COLUMN TB_GTW_API_INF_HIS.API_ID IS 'API ID';
COMMENT ON COLUMN TB_GTW_API_INF_HIS.API_NM IS 'API 명';
COMMENT ON COLUMN TB_GTW_API_INF_HIS.RCV_PATH IS '수신 경로';
COMMENT ON COLUMN TB_GTW_API_INF_HIS.RCV_METHOD_TYPE IS '수신 메소드 타입';
COMMENT ON COLUMN TB_GTW_API_INF_HIS.SND_METHOD_TYPE IS '송신 메소드 타입';
COMMENT ON COLUMN TB_GTW_API_INF_HIS.ERK_USE_YN IS '유레카 사용여부';
COMMENT ON COLUMN TB_GTW_API_INF_HIS.PROXY_YN IS '프록시 사용여부';
COMMENT ON COLUMN TB_GTW_API_INF_HIS.PRE_FLOW IS '전처리 플로우';
COMMENT ON COLUMN TB_GTW_API_INF_HIS.POST_FLOW IS '후처리 플로우';
COMMENT ON COLUMN TB_GTW_API_INF_HIS.USE_YN IS 'API 사용 여부';
COMMENT ON COLUMN TB_GTW_API_INF_HIS.SSE_YN IS 'SSE 통신 여부';
COMMENT ON COLUMN TB_GTW_API_INF_HIS.RG_DTM IS '등록 일시';
COMMENT ON COLUMN TB_GTW_API_INF_HIS.RG_ID IS '등록자 ID';
COMMENT ON COLUMN TB_GTW_API_INF_HIS.SND_PATH IS '송신 경로';
COMMENT ON COLUMN TB_GTW_API_INF_HIS.VERSION IS '히스토리버전';
COMMENT ON COLUMN TB_GTW_API_INF_HIS.API_MAPPING IS 'API Mapping 키';
COMMENT ON COLUMN TB_GTW_API_INF_HIS.OAUTH_YN IS '인증 사용 여부';
COMMENT ON COLUMN TB_GTW_API_INF_HIS.AUTH_KEY_YN IS '인증 키 사용여부';
COMMENT ON COLUMN TB_GTW_API_INF_HIS.LIMIT_YN IS '거래제한 사용여부';

-- changeset apim:1738745134900-17
CREATE TABLE TB_GTW_API_LIMIT (LIMIT_ID VARCHAR2(128 BYTE) NOT NULL, LIMIT_NM VARCHAR2(256 BYTE), LIMIT_TYPE VARCHAR2(16 BYTE), RSP_STATUS VARCHAR2(3 BYTE), RSP_HEADER VARCHAR2(2048 BYTE), RSP_BODY VARCHAR2(2048 BYTE), LIMIT_DAILY_YN VARCHAR2(1 BYTE), LIMIT_START_DATE TIMESTAMP(6), LIMIT_END_DATE TIMESTAMP(6), LIMIT_USE_YN VARCHAR2(1 BYTE), RG_DTM date, RG_ID VARCHAR2(20 BYTE), CHG_DTM date, CHG_ID VARCHAR2(20 BYTE), CONSTRAINT PK_GTW_API_LIMIT_MST PRIMARY KEY (LIMIT_ID)) TABLESPACE MYTABLESPACE;
COMMENT ON TABLE TB_GTW_API_LIMIT IS '거래제한 마스터';
COMMENT ON COLUMN TB_GTW_API_LIMIT.LIMIT_ID IS '거래제한 ID';
COMMENT ON COLUMN TB_GTW_API_LIMIT.LIMIT_NM IS '거래제한 명';
COMMENT ON COLUMN TB_GTW_API_LIMIT.LIMIT_TYPE IS '거래제한 타입';
COMMENT ON COLUMN TB_GTW_API_LIMIT.RSP_STATUS IS '응답 코드';
COMMENT ON COLUMN TB_GTW_API_LIMIT.RSP_HEADER IS '응답 헤더';
COMMENT ON COLUMN TB_GTW_API_LIMIT.RSP_BODY IS '응답 바디';
COMMENT ON COLUMN TB_GTW_API_LIMIT.LIMIT_START_DATE IS '거래제한 시작시간';
COMMENT ON COLUMN TB_GTW_API_LIMIT.LIMIT_END_DATE IS '거래제한 종료시간';
COMMENT ON COLUMN TB_GTW_API_LIMIT.LIMIT_USE_YN IS '거래제한 사용여부';
COMMENT ON COLUMN TB_GTW_API_LIMIT.RG_DTM IS '등록 일자';
COMMENT ON COLUMN TB_GTW_API_LIMIT.RG_ID IS '등록 ID';
COMMENT ON COLUMN TB_GTW_API_LIMIT.CHG_DTM IS '변경 일자';
COMMENT ON COLUMN TB_GTW_API_LIMIT.CHG_ID IS '변경 ID';

-- changeset apim:1738745134900-18
CREATE TABLE TB_GTW_API_LIMIT_API (LIMIT_ID VARCHAR2(128 BYTE) NOT NULL, API_ID VARCHAR2(512 BYTE) NOT NULL, CONSTRAINT PK_GTW_API_LIMIT_API PRIMARY KEY (LIMIT_ID, API_ID)) TABLESPACE MYTABLESPACE;
COMMENT ON TABLE TB_GTW_API_LIMIT_API IS '거래제한 API 리스트';
COMMENT ON COLUMN TB_GTW_API_LIMIT_API.LIMIT_ID IS '거래 제한 ID';
COMMENT ON COLUMN TB_GTW_API_LIMIT_API.API_ID IS '거래 제한 API ID';

-- changeset apim:1738745134900-19
CREATE TABLE TB_GTW_API_LIMIT_IP (LIMIT_ID VARCHAR2(128 BYTE) NOT NULL, IP VARCHAR2(20 BYTE) NOT NULL, CONSTRAINT PK_GTW_API_LIMIT_IP PRIMARY KEY (LIMIT_ID, IP)) TABLESPACE MYTABLESPACE;
COMMENT ON TABLE TB_GTW_API_LIMIT_IP IS '거래제한 IP 리스트';
COMMENT ON COLUMN TB_GTW_API_LIMIT_IP.LIMIT_ID IS '거래제한 ID';
COMMENT ON COLUMN TB_GTW_API_LIMIT_IP.IP IS 'IP 정보';

-- changeset apim:1738745134900-20
CREATE TABLE TB_GTW_API_PROXY (API_ID VARCHAR2(512 BYTE) NOT NULL, PROXY_ADDR VARCHAR2(1024 BYTE), CONSTRAINT PK_GTW_API_PROXY PRIMARY KEY (API_ID)) TABLESPACE MYTABLESPACE;
COMMENT ON TABLE TB_GTW_API_PROXY IS 'API 프록시 정보';
COMMENT ON COLUMN TB_GTW_API_PROXY.API_ID IS 'API ID';
COMMENT ON COLUMN TB_GTW_API_PROXY.PROXY_ADDR IS '프록시 주소';

-- changeset apim:1738745134900-21
CREATE TABLE TB_GTW_API_PROXY_HIS (CHG_DTM date NOT NULL, CHG_ID VARCHAR2(20 BYTE) NOT NULL, API_ID VARCHAR2(512 BYTE) NOT NULL, PROXY_ADDR VARCHAR2(1024 BYTE)) TABLESPACE MYTABLESPACE;
COMMENT ON TABLE TB_GTW_API_PROXY_HIS IS 'API 프록시 정보';
COMMENT ON COLUMN TB_GTW_API_PROXY_HIS.CHG_DTM IS '변경 일시';
COMMENT ON COLUMN TB_GTW_API_PROXY_HIS.CHG_ID IS '변경자 ID';
COMMENT ON COLUMN TB_GTW_API_PROXY_HIS.API_ID IS 'API ID';
COMMENT ON COLUMN TB_GTW_API_PROXY_HIS.PROXY_ADDR IS '프록시 주소';

-- changeset apim:1738745134900-22
CREATE TABLE TB_GTW_API_SPECIFICATION (API_ID VARCHAR2(512 BYTE) NOT NULL, HTTP_OBJECT VARCHAR2(10 BYTE) NOT NULL, HTTP_STRUCTURE VARCHAR2(10 BYTE) NOT NULL, ITEM_INDEX NUMBER(10, 0) NOT NULL, ITEM_UPPER_INDEX NUMBER(10, 0), ITEM_NAME VARCHAR2(200 BYTE), ESSENTIAL VARCHAR2(1 BYTE), TYPE VARCHAR2(20 BYTE), TYPE_LENGTH NUMBER(10, 0), DESCRIPTION VARCHAR2(2000 BYTE), CONSTRAINT PK_GTW_API_SPECIFICATION PRIMARY KEY (API_ID, HTTP_OBJECT, HTTP_STRUCTURE, ITEM_INDEX)) TABLESPACE MYTABLESPACE;
COMMENT ON TABLE TB_GTW_API_SPECIFICATION IS 'API 스팩 관리 테이블';
COMMENT ON COLUMN TB_GTW_API_SPECIFICATION.API_ID IS 'API ID';
COMMENT ON COLUMN TB_GTW_API_SPECIFICATION.HTTP_OBJECT IS 'HTTP 객체(request, response)';
COMMENT ON COLUMN TB_GTW_API_SPECIFICATION.HTTP_STRUCTURE IS 'HTTP 구조(header, body)';
COMMENT ON COLUMN TB_GTW_API_SPECIFICATION.ITEM_INDEX IS '순번';
COMMENT ON COLUMN TB_GTW_API_SPECIFICATION.ITEM_UPPER_INDEX IS '상위순번';
COMMENT ON COLUMN TB_GTW_API_SPECIFICATION.ITEM_NAME IS '항목';
COMMENT ON COLUMN TB_GTW_API_SPECIFICATION.ESSENTIAL IS '필수';
COMMENT ON COLUMN TB_GTW_API_SPECIFICATION.TYPE IS '타입';
COMMENT ON COLUMN TB_GTW_API_SPECIFICATION.TYPE_LENGTH IS '타입길이';
COMMENT ON COLUMN TB_GTW_API_SPECIFICATION.DESCRIPTION IS '설명';

-- changeset apim:1738745134900-23
CREATE TABLE TB_GTW_API_TARGET (API_ID VARCHAR2(512 BYTE) NOT NULL, TGT_SEQ VARCHAR2(16 BYTE) NOT NULL, TGT_DMN VARCHAR2(1024 BYTE), CONSTRAINT PK_GTW_API_TARGET PRIMARY KEY (API_ID, TGT_SEQ)) TABLESPACE MYTABLESPACE;
COMMENT ON TABLE TB_GTW_API_TARGET IS 'API 타겟 정보';
COMMENT ON COLUMN TB_GTW_API_TARGET.API_ID IS '소스 URI 정보';
COMMENT ON COLUMN TB_GTW_API_TARGET.TGT_SEQ IS '타겟 시퀀스 정보';
COMMENT ON COLUMN TB_GTW_API_TARGET.TGT_DMN IS '타겟 도메인 정보';

-- changeset apim:1738745134900-24
CREATE TABLE TB_GTW_API_TARGET_HIS (CHG_DTM date NOT NULL, CHG_ID VARCHAR2(20 BYTE) NOT NULL, API_ID VARCHAR2(512 BYTE) NOT NULL, TGT_SEQ VARCHAR2(16 BYTE) NOT NULL, TGT_DMN VARCHAR2(1024 BYTE)) TABLESPACE MYTABLESPACE;
COMMENT ON TABLE TB_GTW_API_TARGET_HIS IS 'API 타겟 정보';
COMMENT ON COLUMN TB_GTW_API_TARGET_HIS.CHG_DTM IS '변경 일시';
COMMENT ON COLUMN TB_GTW_API_TARGET_HIS.CHG_ID IS '변경자 ID';
COMMENT ON COLUMN TB_GTW_API_TARGET_HIS.API_ID IS '소스 URI 정보';
COMMENT ON COLUMN TB_GTW_API_TARGET_HIS.TGT_SEQ IS '타겟 시퀀스 정보';
COMMENT ON COLUMN TB_GTW_API_TARGET_HIS.TGT_DMN IS '타겟 도메인 정보';

-- changeset apim:1738745134900-25
CREATE TABLE TB_GTW_API_TEST_HIS (RG_DTM date NOT NULL, RG_ID VARCHAR2(20 BYTE) NOT NULL, API_ID VARCHAR2(512 BYTE), API_NM VARCHAR2(2048 BYTE), RCV_PATH VARCHAR2(2048 BYTE), RCV_METHOD_TYPE VARCHAR2(64 BYTE), GATEWAY_URI VARCHAR2(2048 BYTE), REQ_HEADER CLOB, REQ_BODY CLOB, REQ_PARAM CLOB, RES_STATUS NUMBER(10, 0), RES_TIME NUMBER(38, 0), RES_HEADER CLOB, RES_BODY CLOB, RES_BODY_SIZE NUMBER(38, 0), CONSTRAINT PK_GTW_API_TEST_HIS PRIMARY KEY (RG_DTM, RG_ID)) TABLESPACE MYTABLESPACE;
COMMENT ON TABLE TB_GTW_API_TEST_HIS IS 'API 테스트';
COMMENT ON COLUMN TB_GTW_API_TEST_HIS.RG_DTM IS '생성일자';
COMMENT ON COLUMN TB_GTW_API_TEST_HIS.RG_ID IS '생성자';
COMMENT ON COLUMN TB_GTW_API_TEST_HIS.API_ID IS 'API ID';
COMMENT ON COLUMN TB_GTW_API_TEST_HIS.API_NM IS 'API 명';
COMMENT ON COLUMN TB_GTW_API_TEST_HIS.RCV_PATH IS 'API 주소';
COMMENT ON COLUMN TB_GTW_API_TEST_HIS.RCV_METHOD_TYPE IS '메소드 타입';
COMMENT ON COLUMN TB_GTW_API_TEST_HIS.GATEWAY_URI IS '게이트웨이주소';
COMMENT ON COLUMN TB_GTW_API_TEST_HIS.REQ_HEADER IS '요청 해더';
COMMENT ON COLUMN TB_GTW_API_TEST_HIS.REQ_BODY IS '요청 바디';
COMMENT ON COLUMN TB_GTW_API_TEST_HIS.REQ_PARAM IS '요청 파라메터';
COMMENT ON COLUMN TB_GTW_API_TEST_HIS.RES_STATUS IS '응답 상태';
COMMENT ON COLUMN TB_GTW_API_TEST_HIS.RES_TIME IS '응답 시간';
COMMENT ON COLUMN TB_GTW_API_TEST_HIS.RES_HEADER IS '응답 해더';
COMMENT ON COLUMN TB_GTW_API_TEST_HIS.RES_BODY IS '응답 바디';
COMMENT ON COLUMN TB_GTW_API_TEST_HIS.RES_BODY_SIZE IS '응답 바디 사이즈';

-- changeset apim:1738745134900-26
CREATE TABLE TB_GTW_API_TEST_INF (API_ID VARCHAR2(512 BYTE) NOT NULL, USR_ID VARCHAR2(20 BYTE) NOT NULL, USR_NM VARCHAR2(32 BYTE) NOT NULL, RG_DTM date, APRV_ID VARCHAR2(20 BYTE), APRV_YN CHAR(1 BYTE) DEFAULT 'N', CONSTRAINT PK_GTW_API_TEST_INF PRIMARY KEY (API_ID, USR_ID)) TABLESPACE MYTABLESPACE;
COMMENT ON COLUMN TB_GTW_API_TEST_INF.API_ID IS 'API ID';
COMMENT ON COLUMN TB_GTW_API_TEST_INF.USR_ID IS '사용자ID';
COMMENT ON COLUMN TB_GTW_API_TEST_INF.USR_NM IS '사용자명';
COMMENT ON COLUMN TB_GTW_API_TEST_INF.RG_DTM IS '등록일시';
COMMENT ON COLUMN TB_GTW_API_TEST_INF.APRV_ID IS '승인자';
COMMENT ON COLUMN TB_GTW_API_TEST_INF.APRV_YN IS '승인여부';

-- changeset apim:1738745134900-27
CREATE TABLE TB_GTW_AUTH_KEY (ORG_ID VARCHAR2(64 BYTE) NOT NULL, API_AUTH_KEY VARCHAR2(64 BYTE) NOT NULL, RG_DTM date, RG_ID VARCHAR2(256 BYTE), CHG_DTM date, CHG_ID VARCHAR2(256 BYTE), CONSTRAINT PK_GTW_AUTH_KEY PRIMARY KEY (ORG_ID, API_AUTH_KEY)) TABLESPACE MYTABLESPACE;
COMMENT ON TABLE TB_GTW_AUTH_KEY IS '이용기관 인증 키';
COMMENT ON COLUMN TB_GTW_AUTH_KEY.ORG_ID IS '이용기관 ID';
COMMENT ON COLUMN TB_GTW_AUTH_KEY.API_AUTH_KEY IS 'API 인증 키';
COMMENT ON COLUMN TB_GTW_AUTH_KEY.RG_DTM IS '등록 일시';
COMMENT ON COLUMN TB_GTW_AUTH_KEY.RG_ID IS '등록자';
COMMENT ON COLUMN TB_GTW_AUTH_KEY.CHG_DTM IS '변경 일시';
COMMENT ON COLUMN TB_GTW_AUTH_KEY.CHG_ID IS '변경자';

-- changeset apim:1738745134900-28
CREATE TABLE TB_GTW_AUTH_KEY_API (API_AUTH_KEY VARCHAR2(64 BYTE) NOT NULL, API_ID VARCHAR2(512 BYTE) NOT NULL, CONSTRAINT PK_GTW_AUTH_KEY_API PRIMARY KEY (API_AUTH_KEY, API_ID)) TABLESPACE MYTABLESPACE;
COMMENT ON TABLE TB_GTW_AUTH_KEY_API IS '인증 키 API 리스트';
COMMENT ON COLUMN TB_GTW_AUTH_KEY_API.API_AUTH_KEY IS 'API 인증 키';
COMMENT ON COLUMN TB_GTW_AUTH_KEY_API.API_ID IS 'API ID';

-- changeset apim:1738745134900-29
CREATE TABLE TB_GTW_CIRCUIT_INF (CIRCUIT_CONFIG_ID VARCHAR2(256 CHAR) NOT NULL, FAILURE_RATE_THRESHOLD FLOAT(22) DEFAULT 50 NOT NULL, MINIMUM_NUMBER_OF_CALLS NUMBER(10, 0) DEFAULT 100 NOT NULL, PERMITTED_NUMBER_OF_CALLS_IN_HALF_OPEN_STATE NUMBER(10, 0) DEFAULT 10 NOT NULL, SLIDING_WINDOW_SIZE NUMBER(10, 0) DEFAULT 100 NOT NULL, SLIDING_WINDOW_TYPE VARCHAR2(512 CHAR) DEFAULT 'COUNT_BASED' NOT NULL, SLOW_CALL_DURATION_THRESHOLD NUMBER(19, 0) DEFAULT 6000 NOT NULL, SLOW_CALL_RATE_THRESHOLD FLOAT(22) DEFAULT 100 NOT NULL, WAIT_DURATION_IN_OPEN_STATE NUMBER(19, 0) DEFAULT 6000 NOT NULL, CONSTRAINT PK_GTW_CIRCUIT_INF PRIMARY KEY (CIRCUIT_CONFIG_ID)) TABLESPACE MYTABLESPACE;
COMMENT ON TABLE TB_GTW_CIRCUIT_INF IS 'API 별 서킷브레이커 정보';
COMMENT ON COLUMN TB_GTW_CIRCUIT_INF.FAILURE_RATE_THRESHOLD IS '느린 호출로 간주되는 지연 시간';
COMMENT ON COLUMN TB_GTW_CIRCUIT_INF.MINIMUM_NUMBER_OF_CALLS IS 'Circuit Breaker가 열릴 수 있는 최소 호출 횟수';
COMMENT ON COLUMN TB_GTW_CIRCUIT_INF.PERMITTED_NUMBER_OF_CALLS_IN_HALF_OPEN_STATE IS 'HALF_OPEN 상태에서 허용하는 호출 수';
COMMENT ON COLUMN TB_GTW_CIRCUIT_INF.SLIDING_WINDOW_SIZE IS '호출 통계를 기반으로 Circuit Breaker를 열거나 닫는 데 사용되는 윈도우의 크기';
COMMENT ON COLUMN TB_GTW_CIRCUIT_INF.SLIDING_WINDOW_TYPE IS '윈도우의 유형';
COMMENT ON COLUMN TB_GTW_CIRCUIT_INF.SLOW_CALL_DURATION_THRESHOLD IS '호출 지연 시간';
COMMENT ON COLUMN TB_GTW_CIRCUIT_INF.SLOW_CALL_RATE_THRESHOLD IS '호출 지연 비율';
COMMENT ON COLUMN TB_GTW_CIRCUIT_INF.WAIT_DURATION_IN_OPEN_STATE IS 'Circuit Breaker가 닫힌 상태에서 열린 상태로 전환될 때까지 대기하는 시간';

-- changeset apim:1738745134900-30
CREATE TABLE TB_GTW_CIRCUIT_INF_HIS (CIRCUIT_CONFIG_ID VARCHAR2(256 CHAR) NOT NULL, FAILURE_RATE_THRESHOLD FLOAT(22) NOT NULL, MINIMUM_NUMBER_OF_CALLS NUMBER(10, 0) NOT NULL, PERMITTED_NUMBER_OF_CALLS_IN_HALF_OPEN_STATE NUMBER(10, 0) NOT NULL, SLIDING_WINDOW_SIZE NUMBER(10, 0) NOT NULL, SLIDING_WINDOW_TYPE VARCHAR2(512 CHAR) NOT NULL, SLOW_CALL_DURATION_THRESHOLD NUMBER(19, 0) NOT NULL, SLOW_CALL_RATE_THRESHOLD FLOAT(22) NOT NULL, WAIT_DURATION_IN_OPEN_STATE NUMBER(19, 0) NOT NULL, CHG_DTM date NOT NULL, CHG_ID VARCHAR2(20 BYTE) NOT NULL) TABLESPACE MYTABLESPACE;
COMMENT ON TABLE TB_GTW_CIRCUIT_INF_HIS IS 'API 별 서킷브레이커 정보 히스토리';
COMMENT ON COLUMN TB_GTW_CIRCUIT_INF_HIS.CIRCUIT_CONFIG_ID IS '서킷브레이커 변경 ID';
COMMENT ON COLUMN TB_GTW_CIRCUIT_INF_HIS.FAILURE_RATE_THRESHOLD IS '느린 호출로 간주되는 지연 시간';
COMMENT ON COLUMN TB_GTW_CIRCUIT_INF_HIS.MINIMUM_NUMBER_OF_CALLS IS 'Circuit Breaker가 열릴 수 있는 최소 호출 횟수';
COMMENT ON COLUMN TB_GTW_CIRCUIT_INF_HIS.PERMITTED_NUMBER_OF_CALLS_IN_HALF_OPEN_STATE IS 'HALF_OPEN 상태에서 허용하는 호출 수';
COMMENT ON COLUMN TB_GTW_CIRCUIT_INF_HIS.SLIDING_WINDOW_SIZE IS '호출 통계를 기반으로 Circuit Breaker를 열거나 닫는 데 사용되는 윈도우의 크기';
COMMENT ON COLUMN TB_GTW_CIRCUIT_INF_HIS.SLIDING_WINDOW_TYPE IS '윈도우의 유형';
COMMENT ON COLUMN TB_GTW_CIRCUIT_INF_HIS.SLOW_CALL_DURATION_THRESHOLD IS '호출 지연 시간';
COMMENT ON COLUMN TB_GTW_CIRCUIT_INF_HIS.SLOW_CALL_RATE_THRESHOLD IS '호출 지연 비율';
COMMENT ON COLUMN TB_GTW_CIRCUIT_INF_HIS.WAIT_DURATION_IN_OPEN_STATE IS 'Circuit Breaker가 닫힌 상태에서 열린 상태로 전환될 때까지 대기하는 시간';
COMMENT ON COLUMN TB_GTW_CIRCUIT_INF_HIS.CHG_DTM IS '변경 시간';
COMMENT ON COLUMN TB_GTW_CIRCUIT_INF_HIS.CHG_ID IS '변경자';

-- changeset apim:1738745134900-31
CREATE TABLE TB_GTW_CLSS_LST (CLSS_ID VARCHAR2(256 CHAR) NOT NULL, CLSS_ETC VARCHAR2(2048 CHAR), CLSS_KRNM VARCHAR2(256 CHAR), CLSS_PKGNM VARCHAR2(256 CHAR), CLSS_PRMLST VARCHAR2(4000 CHAR), CLSS_TYPE VARCHAR2(4 CHAR), CONSTRAINT PK_GTW_CLSS_LST PRIMARY KEY (CLSS_ID)) TABLESPACE MYTABLESPACE;
COMMENT ON TABLE TB_GTW_CLSS_LST IS '플로우 클래스';
COMMENT ON COLUMN TB_GTW_CLSS_LST.CLSS_ID IS '클래스 ID';
COMMENT ON COLUMN TB_GTW_CLSS_LST.CLSS_ETC IS '클래스 설명';
COMMENT ON COLUMN TB_GTW_CLSS_LST.CLSS_KRNM IS '클래스 한글명';
COMMENT ON COLUMN TB_GTW_CLSS_LST.CLSS_PKGNM IS '클래스 패키지명';
COMMENT ON COLUMN TB_GTW_CLSS_LST.CLSS_PRMLST IS '클래스 파라미터';
COMMENT ON COLUMN TB_GTW_CLSS_LST.CLSS_TYPE IS '클래스 타입';

-- changeset apim:1738745134900-32
CREATE TABLE TB_GTW_FLW_DTL (FLW_ID VARCHAR2(128 BYTE) NOT NULL, FLW_SQNO NUMBER(2, 0) NOT NULL, CLSS_ID VARCHAR2(256 BYTE) NOT NULL, CLSS_PRM VARCHAR2(4000 BYTE), CONSTRAINT PK_GTW_FLW_DTL PRIMARY KEY (FLW_ID, FLW_SQNO)) TABLESPACE MYTABLESPACE;
COMMENT ON TABLE TB_GTW_FLW_DTL IS '플로우 상세';
COMMENT ON COLUMN TB_GTW_FLW_DTL.FLW_ID IS '플로우ID';
COMMENT ON COLUMN TB_GTW_FLW_DTL.FLW_SQNO IS '플로우 순번(순서)';
COMMENT ON COLUMN TB_GTW_FLW_DTL.CLSS_ID IS '클래스ID';
COMMENT ON COLUMN TB_GTW_FLW_DTL.CLSS_PRM IS '클래스 파라미터';

-- changeset apim:1738745134900-33
CREATE TABLE TB_GTW_FLW_DTL_HIS (CHG_DTM date NOT NULL, CHG_ID VARCHAR2(20 BYTE) NOT NULL, API_ID VARCHAR2(512 BYTE) NOT NULL, FLW_ID VARCHAR2(128 BYTE) NOT NULL, FLW_SQNO NUMBER(2, 0) NOT NULL, CLSS_ID VARCHAR2(256 BYTE) NOT NULL, CLSS_PRM VARCHAR2(4000 BYTE), CLSS_NM VARCHAR2(256 BYTE)) TABLESPACE MYTABLESPACE;
COMMENT ON TABLE TB_GTW_FLW_DTL_HIS IS '플로우 상세';
COMMENT ON COLUMN TB_GTW_FLW_DTL_HIS.CHG_DTM IS '변경 일시';
COMMENT ON COLUMN TB_GTW_FLW_DTL_HIS.CHG_ID IS '변경자 ID';
COMMENT ON COLUMN TB_GTW_FLW_DTL_HIS.API_ID IS 'API ID';
COMMENT ON COLUMN TB_GTW_FLW_DTL_HIS.FLW_ID IS '플로우ID';
COMMENT ON COLUMN TB_GTW_FLW_DTL_HIS.FLW_SQNO IS '플로우 순번(순서)';
COMMENT ON COLUMN TB_GTW_FLW_DTL_HIS.CLSS_ID IS '클래스ID';
COMMENT ON COLUMN TB_GTW_FLW_DTL_HIS.CLSS_PRM IS '클래스 파라미터';
COMMENT ON COLUMN TB_GTW_FLW_DTL_HIS.CLSS_NM IS '클래스명';

-- changeset apim:1738745134900-34
CREATE TABLE TB_GTW_FLW_MST (FLW_ID VARCHAR2(128 CHAR) NOT NULL, FLW_ETC VARCHAR2(2048 CHAR), FLW_NM VARCHAR2(256 CHAR) NOT NULL, CONSTRAINT PK_GTW_FLW_MST PRIMARY KEY (FLW_ID)) TABLESPACE MYTABLESPACE;
COMMENT ON TABLE TB_GTW_FLW_MST IS '플로우';
COMMENT ON COLUMN TB_GTW_FLW_MST.FLW_ID IS '플로우ID';
COMMENT ON COLUMN TB_GTW_FLW_MST.FLW_ETC IS '플로우 설명';
COMMENT ON COLUMN TB_GTW_FLW_MST.FLW_NM IS '클래스 명';

-- changeset apim:1738745134900-35
CREATE TABLE TB_GTW_OAUTH_AUTHCODE_LIST (AUTHORIZATION_CODE VARCHAR2(128 CHAR) NOT NULL, CALLBACK_URL VARCHAR2(100 CHAR) NOT NULL, CHG_DATE TIMESTAMP(6), CLIENT_ID VARCHAR2(256 CHAR) NOT NULL, CODE_CHALLENGE VARCHAR2(256 CHAR), CODE_CHALLENGE_METHOD VARCHAR2(40 CHAR), HAS_BEEN_USED VARCHAR2(1 CHAR) NOT NULL, RG_DATE TIMESTAMP(6) NOT NULL, STATE VARCHAR2(40 CHAR), CONSTRAINT PK_GTW_OAUTH_AUTHCODE_LIST PRIMARY KEY (AUTHORIZATION_CODE)) TABLESPACE MYTABLESPACE;
COMMENT ON TABLE TB_GTW_OAUTH_AUTHCODE_LIST IS '플로우 상세';
COMMENT ON COLUMN TB_GTW_OAUTH_AUTHCODE_LIST.AUTHORIZATION_CODE IS '인증 코드';
COMMENT ON COLUMN TB_GTW_OAUTH_AUTHCODE_LIST.CALLBACK_URL IS '콜백 URL';
COMMENT ON COLUMN TB_GTW_OAUTH_AUTHCODE_LIST.CHG_DATE IS '변경 일자';
COMMENT ON COLUMN TB_GTW_OAUTH_AUTHCODE_LIST.CLIENT_ID IS '클라이언트 ID';
COMMENT ON COLUMN TB_GTW_OAUTH_AUTHCODE_LIST.CODE_CHALLENGE IS '코드';
COMMENT ON COLUMN TB_GTW_OAUTH_AUTHCODE_LIST.CODE_CHALLENGE_METHOD IS '코드 메소드';
COMMENT ON COLUMN TB_GTW_OAUTH_AUTHCODE_LIST.HAS_BEEN_USED IS '사용여부';
COMMENT ON COLUMN TB_GTW_OAUTH_AUTHCODE_LIST.RG_DATE IS '등록 일시';
COMMENT ON COLUMN TB_GTW_OAUTH_AUTHCODE_LIST.STATE IS '상태';

-- changeset apim:1738745134900-36
CREATE TABLE TB_GTW_OAUTH_CLIENT_DETAILS (CLIENT_ID VARCHAR2(256 BYTE) NOT NULL, RESOURCE_IDS VARCHAR2(256 BYTE), CLIENT_SECRET VARCHAR2(256 BYTE), SCOPE VARCHAR2(256 BYTE), AUTHORIZED_GRANT_TYPES VARCHAR2(256 BYTE), WEB_SERVER_REDIRECT_URI VARCHAR2(256 BYTE), ACCESS_TOKEN_VALIDITY NUMBER, REFRESH_TOKEN_VALIDITY NUMBER, ADDITIONAL_INFORMATION VARCHAR2(4000 BYTE), AUTOAPPROVE VARCHAR2(256 BYTE), CLIENT_NAME VARCHAR2(256 BYTE), RG_ID VARCHAR2(256 BYTE), RG_DATE date, CHG_ID VARCHAR2(256 BYTE), CHG_DATE date, APPLICATION_ID VARCHAR2(256 BYTE), AUTHORITIES CLOB, RULE_ID VARCHAR2(64 BYTE), ORG_ID VARCHAR2(64 BYTE), CONSTRAINT PK_GTW_OAUTH_CLIENT_DETAILS PRIMARY KEY (CLIENT_ID)) TABLESPACE MYTABLESPACE;
COMMENT ON TABLE TB_GTW_OAUTH_CLIENT_DETAILS IS 'Oauth 클라이언트 정보';
COMMENT ON COLUMN TB_GTW_OAUTH_CLIENT_DETAILS.CLIENT_ID IS 'OAuth 클라이언트 ID';
COMMENT ON COLUMN TB_GTW_OAUTH_CLIENT_DETAILS.RESOURCE_IDS IS 'OAuth 리소스 ID';
COMMENT ON COLUMN TB_GTW_OAUTH_CLIENT_DETAILS.CLIENT_SECRET IS 'OAuth 클라이언트 비밀번호';
COMMENT ON COLUMN TB_GTW_OAUTH_CLIENT_DETAILS.AUTHORIZED_GRANT_TYPES IS '클라이언트가 발급받을 수 있는 토큰 종류';
COMMENT ON COLUMN TB_GTW_OAUTH_CLIENT_DETAILS.WEB_SERVER_REDIRECT_URI IS 'authorization_code 방식 토큰 발급 시 code를 리턴해주는 callback URI';
COMMENT ON COLUMN TB_GTW_OAUTH_CLIENT_DETAILS.ACCESS_TOKEN_VALIDITY IS 'Access Token 유효시간';
COMMENT ON COLUMN TB_GTW_OAUTH_CLIENT_DETAILS.REFRESH_TOKEN_VALIDITY IS 'Refresh Token 유효시간';
COMMENT ON COLUMN TB_GTW_OAUTH_CLIENT_DETAILS.ADDITIONAL_INFORMATION IS 'OAuth 클라이언트 추가 정보';
COMMENT ON COLUMN TB_GTW_OAUTH_CLIENT_DETAILS.AUTOAPPROVE IS 'Scope 범위를 허가받는 화면 노출 Flag';
COMMENT ON COLUMN TB_GTW_OAUTH_CLIENT_DETAILS.CLIENT_NAME IS 'OAuth 클라이언트 이름';
COMMENT ON COLUMN TB_GTW_OAUTH_CLIENT_DETAILS.RG_ID IS '클라이언트를 등록한 사용자 ID';
COMMENT ON COLUMN TB_GTW_OAUTH_CLIENT_DETAILS.RG_DATE IS '클라이언트 생성 시간';
COMMENT ON COLUMN TB_GTW_OAUTH_CLIENT_DETAILS.CHG_ID IS '클라이언트 정보를 변경한 사용자 ID';
COMMENT ON COLUMN TB_GTW_OAUTH_CLIENT_DETAILS.CHG_DATE IS '클라이언트 정보 변경 시간';
COMMENT ON COLUMN TB_GTW_OAUTH_CLIENT_DETAILS.APPLICATION_ID IS 'OAuth 클라이언트가 이용할 애플리케이션 ID';
COMMENT ON COLUMN TB_GTW_OAUTH_CLIENT_DETAILS.AUTHORITIES IS 'OAuth 클라이언트가 접근 가능한 업무에 대한 권한 (URI)';
COMMENT ON COLUMN TB_GTW_OAUTH_CLIENT_DETAILS.RULE_ID IS '이용기관 ID';

-- changeset apim:1738745134900-37
CREATE TABLE TB_GTW_OAUTH_DEVICECODE_LIST (DEVICE_CODE VARCHAR2(128 CHAR) NOT NULL, CLIENT_ID VARCHAR2(256 CHAR) NOT NULL, EXPIRES_IN NUMBER(19, 0), HAS_BEEN_USED VARCHAR2(1 CHAR) NOT NULL, RG_DATE TIMESTAMP(6) NOT NULL, USER_CODE VARCHAR2(100 CHAR) NOT NULL, VERIFICATION_URI VARCHAR2(100 CHAR) NOT NULL, VERIFICATION_URI_COMPLETE VARCHAR2(100 CHAR), CONSTRAINT PK_GTW_OAUTH_DEVICECODE_LIST PRIMARY KEY (DEVICE_CODE)) TABLESPACE MYTABLESPACE;
COMMENT ON TABLE TB_GTW_OAUTH_DEVICECODE_LIST IS 'Oauth 토큰 이용기관';
COMMENT ON COLUMN TB_GTW_OAUTH_DEVICECODE_LIST.DEVICE_CODE IS '디바이스 코드';
COMMENT ON COLUMN TB_GTW_OAUTH_DEVICECODE_LIST.CLIENT_ID IS '클라이언트 ID';
COMMENT ON COLUMN TB_GTW_OAUTH_DEVICECODE_LIST.EXPIRES_IN IS '만료기간';
COMMENT ON COLUMN TB_GTW_OAUTH_DEVICECODE_LIST.HAS_BEEN_USED IS '사용여부';
COMMENT ON COLUMN TB_GTW_OAUTH_DEVICECODE_LIST.RG_DATE IS '등록일시';
COMMENT ON COLUMN TB_GTW_OAUTH_DEVICECODE_LIST.USER_CODE IS '사용자 코드';
COMMENT ON COLUMN TB_GTW_OAUTH_DEVICECODE_LIST.VERIFICATION_URI IS '검증 URI';
COMMENT ON COLUMN TB_GTW_OAUTH_DEVICECODE_LIST.VERIFICATION_URI_COMPLETE IS '검증 여부';

-- changeset apim:1738745134900-38
CREATE TABLE TB_GTW_OAUTH_ORG_CD_LIST (ORG_ID VARCHAR2(64 BYTE) NOT NULL, ORG_CD VARCHAR2(3 BYTE), ORG_NM VARCHAR2(256 BYTE), RG_ID VARCHAR2(20 BYTE), RG_DTM date, CHG_ID VARCHAR2(20 BYTE), CHG_DTM date, CONSTRAINT PK_GTW_OAUTH_ORG_CD_LIST PRIMARY KEY (ORG_ID)) TABLESPACE MYTABLESPACE;
COMMENT ON TABLE TB_GTW_OAUTH_ORG_CD_LIST IS 'Oauth 토큰 이용기관';
COMMENT ON COLUMN TB_GTW_OAUTH_ORG_CD_LIST.ORG_ID IS '이용기관 ID';
COMMENT ON COLUMN TB_GTW_OAUTH_ORG_CD_LIST.ORG_CD IS '이용기관 코드';
COMMENT ON COLUMN TB_GTW_OAUTH_ORG_CD_LIST.ORG_NM IS '이용기관명';
COMMENT ON COLUMN TB_GTW_OAUTH_ORG_CD_LIST.RG_ID IS '등록자';
COMMENT ON COLUMN TB_GTW_OAUTH_ORG_CD_LIST.RG_DTM IS '등록일시';
COMMENT ON COLUMN TB_GTW_OAUTH_ORG_CD_LIST.CHG_ID IS '수정자';
COMMENT ON COLUMN TB_GTW_OAUTH_ORG_CD_LIST.CHG_DTM IS '수정일시';

-- changeset apim:1738745134900-39
CREATE TABLE TB_GTW_OAUTH_TOKEN_LIST (TOKEN_ID VARCHAR2(128 CHAR) NOT NULL, TOKEN_TYPE VARCHAR2(1 CHAR) NOT NULL, ACCESS_TOKEN_TYPE_VAL VARCHAR2(20 CHAR), AUTH_GRANT_TYPE VARCHAR2(50 CHAR), AUTHORIZATION_CODE VARCHAR2(128 CHAR), CHG_DD VARCHAR2(8 CHAR), CHG_TM VARCHAR2(6 CHAR), CLIENT_ID VARCHAR2(256 CHAR) NOT NULL, CLIENT_NAME VARCHAR2(256 CHAR), DISPOSED_YN VARCHAR2(1 CHAR), ISSUE_DD VARCHAR2(8 CHAR) NOT NULL, ISSUE_TM VARCHAR2(6 CHAR) NOT NULL, SCOPE VARCHAR2(20 CHAR), TOKEN_VAL VARCHAR2(1500 CHAR) NOT NULL, VLD_PD NUMBER(19, 0) NOT NULL, CONSTRAINT PK_GTW_OAUTH_TOKEN_LIST PRIMARY KEY (TOKEN_ID, TOKEN_TYPE)) TABLESPACE MYTABLESPACE;
COMMENT ON TABLE TB_GTW_OAUTH_TOKEN_LIST IS '토큰 리스트';
COMMENT ON COLUMN TB_GTW_OAUTH_TOKEN_LIST.TOKEN_ID IS '토큰 ID';
COMMENT ON COLUMN TB_GTW_OAUTH_TOKEN_LIST.TOKEN_TYPE IS '토큰 타입';
COMMENT ON COLUMN TB_GTW_OAUTH_TOKEN_LIST.ACCESS_TOKEN_TYPE_VAL IS '토큰 값';
COMMENT ON COLUMN TB_GTW_OAUTH_TOKEN_LIST.AUTH_GRANT_TYPE IS '인증 타입';
COMMENT ON COLUMN TB_GTW_OAUTH_TOKEN_LIST.AUTHORIZATION_CODE IS '인증 코드';
COMMENT ON COLUMN TB_GTW_OAUTH_TOKEN_LIST.CHG_DD IS '갱신 일자';
COMMENT ON COLUMN TB_GTW_OAUTH_TOKEN_LIST.CHG_TM IS '갱신 시간';
COMMENT ON COLUMN TB_GTW_OAUTH_TOKEN_LIST.CLIENT_ID IS '클라이언트 ID';
COMMENT ON COLUMN TB_GTW_OAUTH_TOKEN_LIST.CLIENT_NAME IS '클라이언트 명';
COMMENT ON COLUMN TB_GTW_OAUTH_TOKEN_LIST.DISPOSED_YN IS '폐기 여부';
COMMENT ON COLUMN TB_GTW_OAUTH_TOKEN_LIST.ISSUE_DD IS '발급 일자';
COMMENT ON COLUMN TB_GTW_OAUTH_TOKEN_LIST.ISSUE_TM IS '발급 시간';
COMMENT ON COLUMN TB_GTW_OAUTH_TOKEN_LIST.SCOPE IS 'Scope';
COMMENT ON COLUMN TB_GTW_OAUTH_TOKEN_LIST.TOKEN_VAL IS '토큰 값';
COMMENT ON COLUMN TB_GTW_OAUTH_TOKEN_LIST.VLD_PD IS '토큰 유효기간';

-- changeset apim:1738745134900-40
CREATE TABLE TB_GTW_OAUTH_TOKEN_SCOPE_DTL (TOKEN_SCOPE_ID VARCHAR2(256 BYTE) NOT NULL, API_ID VARCHAR2(512 BYTE) NOT NULL, SOURCE_URI VARCHAR2(2048 BYTE), RG_ID VARCHAR2(20 BYTE), RG_DTM date, CONSTRAINT PK_GTW_OAUTH_TOKEN_SCOPE_DTL PRIMARY KEY (TOKEN_SCOPE_ID, API_ID)) TABLESPACE MYTABLESPACE;
COMMENT ON TABLE TB_GTW_OAUTH_TOKEN_SCOPE_DTL IS 'Oauth 토큰 SCOPE 상세';
COMMENT ON COLUMN TB_GTW_OAUTH_TOKEN_SCOPE_DTL.TOKEN_SCOPE_ID IS '토큰 SCOPE ID';
COMMENT ON COLUMN TB_GTW_OAUTH_TOKEN_SCOPE_DTL.API_ID IS 'API ID';
COMMENT ON COLUMN TB_GTW_OAUTH_TOKEN_SCOPE_DTL.SOURCE_URI IS '소스 URI';
COMMENT ON COLUMN TB_GTW_OAUTH_TOKEN_SCOPE_DTL.RG_ID IS '등록자';
COMMENT ON COLUMN TB_GTW_OAUTH_TOKEN_SCOPE_DTL.RG_DTM IS '등록일시';

-- changeset apim:1738745134900-41
CREATE TABLE TB_GTW_OAUTH_TOKEN_SCOPE_MST (TOKEN_SCOPE_ID VARCHAR2(64 BYTE) NOT NULL, TOKEN_SCOPE_NM VARCHAR2(256 BYTE), RG_ID VARCHAR2(20 BYTE), RG_DTM date, CHG_ID VARCHAR2(20 BYTE), CHG_DTM date, CONSTRAINT PK_GTW_OAUTH_TOKEN_SCOPE_MST PRIMARY KEY (TOKEN_SCOPE_ID)) TABLESPACE MYTABLESPACE;
COMMENT ON TABLE TB_GTW_OAUTH_TOKEN_SCOPE_MST IS 'Oauth 토큰 SCOPE 마스터';
COMMENT ON COLUMN TB_GTW_OAUTH_TOKEN_SCOPE_MST.TOKEN_SCOPE_ID IS '토큰 SCOPE ID';
COMMENT ON COLUMN TB_GTW_OAUTH_TOKEN_SCOPE_MST.TOKEN_SCOPE_NM IS '토큰 SCOPE 명';
COMMENT ON COLUMN TB_GTW_OAUTH_TOKEN_SCOPE_MST.RG_ID IS '등록자';
COMMENT ON COLUMN TB_GTW_OAUTH_TOKEN_SCOPE_MST.RG_DTM IS '등록일시';
COMMENT ON COLUMN TB_GTW_OAUTH_TOKEN_SCOPE_MST.CHG_ID IS '수정자';
COMMENT ON COLUMN TB_GTW_OAUTH_TOKEN_SCOPE_MST.CHG_DTM IS '수정일시';

-- changeset apim:1738745134900-42
CREATE TABLE TB_GTW_SVR_INF (SVR_ID VARCHAR2(64 BYTE) NOT NULL, SVR_ADR VARCHAR2(2048 BYTE) NOT NULL, SVR_NM VARCHAR2(256 BYTE), SVR_TYPE VARCHAR2(16 BYTE), CONSTRAINT PK_GTW_SERVER_INF PRIMARY KEY (SVR_ID, SVR_ADR)) TABLESPACE MYTABLESPACE;
COMMENT ON TABLE TB_GTW_SVR_INF IS '서버 정보';
COMMENT ON COLUMN TB_GTW_SVR_INF.SVR_ID IS '서버 ID(호스트명)';
COMMENT ON COLUMN TB_GTW_SVR_INF.SVR_ADR IS '서버 주소';
COMMENT ON COLUMN TB_GTW_SVR_INF.SVR_NM IS '서버 명';
COMMENT ON COLUMN TB_GTW_SVR_INF.SVR_TYPE IS '서버 타입';

-- changeset apim:1738745134900-43
CREATE TABLE TB_TGRM_FIELD (LINK_SYS VARCHAR2(6 BYTE) NOT NULL, REPR_TGRM_ID VARCHAR2(64 BYTE) NOT NULL, TGRM_ID VARCHAR2(64 BYTE) NOT NULL, TGRM_SNO VARCHAR2(5 BYTE) NOT NULL, TGRM_NM VARCHAR2(100 BYTE), IO_DIS_CD VARCHAR2(5 BYTE), FIELD_NM_KOR VARCHAR2(100 BYTE), FIELD_NM_ENG VARCHAR2(100 BYTE), FIELD_TYPE VARCHAR2(2 BYTE), FIELD_IDX VARCHAR2(5 BYTE), TOP_IDX VARCHAR2(5 BYTE), FIELD_NOTE VARCHAR2(200 BYTE), INTEGER_LEN NUMBER, DECIMAL_LEN NUMBER, TGRM_VER_NO NUMBER(6, 2), TGRM_DRCTN CHAR(1 BYTE), TGRM_TYPE VARCHAR2(2 BYTE), ROOT_ELE VARCHAR2(100 BYTE), ENCODING VARCHAR2(32 BYTE), MINOCCUR CHAR(1 BYTE), REPET_CNT VARCHAR2(100 BYTE), FIELD_ORG_TYPE VARCHAR2(20 BYTE), MASK_YN CHAR(1 BYTE) DEFAULT 'N', REG_ID VARCHAR2(20 BYTE), REG_DATE date, LS_CHG_ID VARCHAR2(20 BYTE), LS_CHG_DATE date) TABLESPACE MYTABLESPACE;
COMMENT ON TABLE TB_TGRM_FIELD IS '전문필드정보';
COMMENT ON COLUMN TB_TGRM_FIELD.LINK_SYS IS '연계시스템코드';
COMMENT ON COLUMN TB_TGRM_FIELD.REPR_TGRM_ID IS '대표전문ID';
COMMENT ON COLUMN TB_TGRM_FIELD.TGRM_ID IS '전문ID';
COMMENT ON COLUMN TB_TGRM_FIELD.TGRM_SNO IS '전문항목일련번호';
COMMENT ON COLUMN TB_TGRM_FIELD.TGRM_NM IS '전문명';
COMMENT ON COLUMN TB_TGRM_FIELD.IO_DIS_CD IS '입출력구분코드';
COMMENT ON COLUMN TB_TGRM_FIELD.FIELD_NM_KOR IS '한글필드명';
COMMENT ON COLUMN TB_TGRM_FIELD.FIELD_NM_ENG IS '영문필드명';
COMMENT ON COLUMN TB_TGRM_FIELD.FIELD_TYPE IS '필드타입';
COMMENT ON COLUMN TB_TGRM_FIELD.FIELD_IDX IS '일련번호';
COMMENT ON COLUMN TB_TGRM_FIELD.TOP_IDX IS '상위일련번호';
COMMENT ON COLUMN TB_TGRM_FIELD.FIELD_NOTE IS '비고';
COMMENT ON COLUMN TB_TGRM_FIELD.INTEGER_LEN IS '정수길이';
COMMENT ON COLUMN TB_TGRM_FIELD.DECIMAL_LEN IS '소수점길이';
COMMENT ON COLUMN TB_TGRM_FIELD.TGRM_VER_NO IS '전문버전번호';
COMMENT ON COLUMN TB_TGRM_FIELD.TGRM_DRCTN IS '거래유형';
COMMENT ON COLUMN TB_TGRM_FIELD.TGRM_TYPE IS '전문구분';
COMMENT ON COLUMN TB_TGRM_FIELD.ROOT_ELE IS '루트엘리먼트';
COMMENT ON COLUMN TB_TGRM_FIELD.ENCODING IS '인코딩';
COMMENT ON COLUMN TB_TGRM_FIELD.MINOCCUR IS 'minoccur';
COMMENT ON COLUMN TB_TGRM_FIELD.REPET_CNT IS '반복횟수';
COMMENT ON COLUMN TB_TGRM_FIELD.FIELD_ORG_TYPE IS '필드원본타입';
COMMENT ON COLUMN TB_TGRM_FIELD.MASK_YN IS '마스킹사용여부';
COMMENT ON COLUMN TB_TGRM_FIELD.REG_ID IS '등록자';
COMMENT ON COLUMN TB_TGRM_FIELD.REG_DATE IS '등록일시';
COMMENT ON COLUMN TB_TGRM_FIELD.LS_CHG_ID IS '변경자';
COMMENT ON COLUMN TB_TGRM_FIELD.LS_CHG_DATE IS '변경일시';

-- changeset apim:1738745134900-44
CREATE TABLE TB_TGRM_MAPPING (TGRM_MRL_ID VARCHAR2(64 BYTE) NOT NULL, INTERFACE_ID VARCHAR2(64 BYTE), TGRM_MRL_VER_NO NUMBER(6, 2), TGRM_MRL_INI CLOB, USE_YN CHAR(1 BYTE) DEFAULT 'Y', IN_TGRM_VER_NO NUMBER(6, 2), PRTO_TGRM_VER_NO NUMBER(6, 2), IN_TGRM_ID VARCHAR2(64 BYTE), PRTO_TGRM_ID VARCHAR2(64 BYTE), REG_ID VARCHAR2(20 BYTE), REG_DATE date, LS_CHG_ID VARCHAR2(20 BYTE), LS_CHG_DATE date) TABLESPACE MYTABLESPACE;
COMMENT ON TABLE TB_TGRM_MAPPING IS '전문매핑룰정보';
COMMENT ON COLUMN TB_TGRM_MAPPING.TGRM_MRL_ID IS '전문매핑룰ID';
COMMENT ON COLUMN TB_TGRM_MAPPING.INTERFACE_ID IS '인터페이스ID';
COMMENT ON COLUMN TB_TGRM_MAPPING.TGRM_MRL_VER_NO IS '전문매핑룰버전번호';
COMMENT ON COLUMN TB_TGRM_MAPPING.TGRM_MRL_INI IS '전문매핑룰INI';
COMMENT ON COLUMN TB_TGRM_MAPPING.USE_YN IS '사용 여부';
COMMENT ON COLUMN TB_TGRM_MAPPING.IN_TGRM_VER_NO IS '입력전문버전번호';
COMMENT ON COLUMN TB_TGRM_MAPPING.PRTO_TGRM_VER_NO IS '출력전문버전번호';
COMMENT ON COLUMN TB_TGRM_MAPPING.IN_TGRM_ID IS '입력전문매핑룰ID';
COMMENT ON COLUMN TB_TGRM_MAPPING.PRTO_TGRM_ID IS '출력전문매핑ID';
COMMENT ON COLUMN TB_TGRM_MAPPING.REG_ID IS '등록자';
COMMENT ON COLUMN TB_TGRM_MAPPING.REG_DATE IS '등록일시';
COMMENT ON COLUMN TB_TGRM_MAPPING.LS_CHG_ID IS '변경자';
COMMENT ON COLUMN TB_TGRM_MAPPING.LS_CHG_DATE IS '변경일시';

-- changeset apim:1738745134900-45
CREATE TABLE TB_TGRM_MASTER (TGRM_ID VARCHAR2(64 BYTE) NOT NULL, REPR_TGRM_ID VARCHAR2(64 BYTE) NOT NULL, TGRM_DRCTN CHAR(1 BYTE), RQR_RSP_SEP CHAR(3 BYTE), TGRM_NM VARCHAR2(128 BYTE), TGT_TGRM_ID1 VARCHAR2(64 BYTE), TGT_TGRM_ID2 VARCHAR2(64 BYTE), RSRV1 VARCHAR2(64 BYTE), RSRV2 VARCHAR2(64 BYTE), USE_YN CHAR(1 BYTE), TGRM_VER_NO NUMBER(6, 2), TGRM_TYPE VARCHAR2(2 BYTE) DEFAULT 'F', TGRM_INF_INI CLOB, REG_ID VARCHAR2(20 BYTE), REG_DATE date, LS_CHG_ID VARCHAR2(20 BYTE), LS_CHG_DATE date) TABLESPACE MYTABLESPACE;
COMMENT ON TABLE TB_TGRM_MASTER IS '전문정보';
COMMENT ON COLUMN TB_TGRM_MASTER.TGRM_ID IS '전문ID';
COMMENT ON COLUMN TB_TGRM_MASTER.REPR_TGRM_ID IS '대표전문ID';
COMMENT ON COLUMN TB_TGRM_MASTER.TGRM_DRCTN IS '전문방향';
COMMENT ON COLUMN TB_TGRM_MASTER.RQR_RSP_SEP IS '요청응답구분';
COMMENT ON COLUMN TB_TGRM_MASTER.TGRM_NM IS '전문명';
COMMENT ON COLUMN TB_TGRM_MASTER.TGT_TGRM_ID1 IS '상대전문ID1';
COMMENT ON COLUMN TB_TGRM_MASTER.TGT_TGRM_ID2 IS '상대전문ID2';
COMMENT ON COLUMN TB_TGRM_MASTER.RSRV1 IS '예비1';
COMMENT ON COLUMN TB_TGRM_MASTER.RSRV2 IS '예비2';
COMMENT ON COLUMN TB_TGRM_MASTER.USE_YN IS '사용여부';
COMMENT ON COLUMN TB_TGRM_MASTER.TGRM_VER_NO IS '전문버전번호';
COMMENT ON COLUMN TB_TGRM_MASTER.TGRM_TYPE IS '전문유형';
COMMENT ON COLUMN TB_TGRM_MASTER.TGRM_INF_INI IS '전문정보INI';
COMMENT ON COLUMN TB_TGRM_MASTER.REG_ID IS '등록자';
COMMENT ON COLUMN TB_TGRM_MASTER.REG_DATE IS '등록일시';
COMMENT ON COLUMN TB_TGRM_MASTER.LS_CHG_ID IS '변경자';
COMMENT ON COLUMN TB_TGRM_MASTER.LS_CHG_DATE IS '변경일시';

-- changeset apim:1738745134900-46
INSERT INTO TB_CM_BAT_INFO (BAT_ID, BAT_NM, BAT_CLSS, BAT_TYPE, BAT_INTERVAL, ST_TM, ED_TM, BAT_DESC, USE_YN, TG_ND, BAT_STATUS, RG_DTM, RGMN, CHG_DTM, CHGNM) VALUES ('WebLogCleaner', 'Web로그 삭제', 'scheduler.jobs.WebLogCleaner', 'C', '1', '0000', '2359', '웹 로그 내역을 주기적으로 삭제하는 배치 프로그램', 'Y', NULL, NULL, TO_DATE('2018-12-09 00:00:00', 'YYYY-MM-DD HH24:MI:SS'), 'admin', TO_DATE('2020-05-03 00:00:00', 'YYYY-MM-DD HH24:MI:SS'), 'superadmin');
INSERT INTO TB_CM_BAT_INFO (BAT_ID, BAT_NM, BAT_CLSS, BAT_TYPE, BAT_INTERVAL, ST_TM, ED_TM, BAT_DESC, USE_YN, TG_ND, BAT_STATUS, RG_DTM, RGMN, CHG_DTM, CHGNM) VALUES ('ExpiredUserChanger', '만료계정변경', 'scheduler.jobs.ExpiredUserChanger', 'D', '2359', '0000', '2359', '만료된 계정 상태를 변경## LOCKING상태로 변경 기준일자: 사용자 유효일이 현재 날짜 이전인 경우 변경 대상
', 'N', NULL, NULL, TO_DATE('2018-12-20 00:00:00', 'YYYY-MM-DD HH24:MI:SS'), 'admin', TO_DATE('2020-03-05 00:00:00', 'YYYY-MM-DD HH24:MI:SS'), 'superadmin');
INSERT INTO TB_CM_BAT_INFO (BAT_ID, BAT_NM, BAT_CLSS, BAT_TYPE, BAT_INTERVAL, ST_TM, ED_TM, BAT_DESC, USE_YN, TG_ND, BAT_STATUS, RG_DTM, RGMN, CHG_DTM, CHGNM) VALUES ('LogFileCleaner', 'Web로그 파일삭제', 'scheduler.jobs.LogFileCleaner', 'D', '2359', '0000', '2359', 'waple&#44; io&#44; ex&#44; bat로그를 주기적으로 삭제하는 배치 프로그램', 'Y', NULL, NULL, TO_DATE('2018-10-25 00:00:00', 'YYYY-MM-DD HH24:MI:SS'), 'admin', TO_DATE('2020-04-28 00:00:00', 'YYYY-MM-DD HH24:MI:SS'), 'superadmin');
INSERT INTO TB_CM_BAT_INFO (BAT_ID, BAT_NM, BAT_CLSS, BAT_TYPE, BAT_INTERVAL, ST_TM, ED_TM, BAT_DESC, USE_YN, TG_ND, BAT_STATUS, RG_DTM, RGMN, CHG_DTM, CHGNM) VALUES ('BatchHistoryCleaner', 'Batch로그 삭제', 'scheduler.jobs.BatchHistoryCleaner', 'D', '2359', '0000', '2359', '배치 로그내역을 주기적으로 삭제', 'Y', NULL, NULL, TO_DATE('2020-02-25 00:00:00', 'YYYY-MM-DD HH24:MI:SS'), 'superadmin', TO_DATE('2020-05-03 00:00:00', 'YYYY-MM-DD HH24:MI:SS'), 'superadmin');
INSERT INTO TB_CM_BAT_INFO (BAT_ID, BAT_NM, BAT_CLSS, BAT_TYPE, BAT_INTERVAL, ST_TM, ED_TM, BAT_DESC, USE_YN, TG_ND, BAT_STATUS, RG_DTM, RGMN, CHG_DTM, CHGNM) VALUES ('DateStatisticsStorage', '일통계저장', 'scheduler.jobs.DateStatisticsStorage', 'C', '1', '0000', '2359', '일통계저장', 'N', NULL, NULL, TO_DATE('2020-03-03 00:00:00', 'YYYY-MM-DD HH24:MI:SS'), 'superadmin', TO_DATE('2020-03-04 00:00:00', 'YYYY-MM-DD HH24:MI:SS'), 'superadmin');
INSERT INTO TB_CM_BAT_INFO (BAT_ID, BAT_NM, BAT_CLSS, BAT_TYPE, BAT_INTERVAL, ST_TM, ED_TM, BAT_DESC, USE_YN, TG_ND, BAT_STATUS, RG_DTM, RGMN, CHG_DTM, CHGNM) VALUES ('SftpFileDownloader', 'SFTP접속 파일 다운로드', 'scheduler.jobs.SftpFileDownloader', 'C', '1', '0000', '2359', 'SFTP 서버 접속하여 파일을 다운로드하는 배치 프로그램', 'N', NULL, NULL, TO_DATE('2021-07-13 00:00:00', 'YYYY-MM-DD HH24:MI:SS'), 'superadmin', TO_DATE('2021-07-19 00:00:00', 'YYYY-MM-DD HH24:MI:SS'), 'superadmin');
INSERT INTO TB_CM_BAT_INFO (BAT_ID, BAT_NM, BAT_CLSS, BAT_TYPE, BAT_INTERVAL, ST_TM, ED_TM, BAT_DESC, USE_YN, TG_ND, BAT_STATUS, RG_DTM, RGMN, CHG_DTM, CHGNM) VALUES ('HRFileToDBSynchronizer', 'HR파일데이터 DB삽입', 'scheduler.jobs.HRFileToDBSynchronizer', 'C', '1', '0000', '2359', 'HR파일 데이터를 DB(CM_USR)와 동기화하는 배치 프로그램', 'N', NULL, NULL, TO_DATE('2021-07-16 00:00:00', 'YYYY-MM-DD HH24:MI:SS'), 'superadmin', TO_DATE('2021-08-04 00:00:00', 'YYYY-MM-DD HH24:MI:SS'), 'superadmin');
INSERT INTO TB_CM_BAT_INFO (BAT_ID, BAT_NM, BAT_CLSS, BAT_TYPE, BAT_INTERVAL, ST_TM, ED_TM, BAT_DESC, USE_YN, TG_ND, BAT_STATUS, RG_DTM, RGMN, CHG_DTM, CHGNM) VALUES ('aaaaaaaaaaaaaaaaaaaaaaaaaaaaaaaaaaaaaaaaaaaaaaaaaaaaaaaaaaaaaaaa', 'HR파일데이터 DB삽입', 'scheduler.jobs.HRFileToDBSynchronizer', 'C', '1', '0000', '2359', 'HR파일 데이터를 DB(CM_USR)와 동기화하는 배치 프로그램', 'N', NULL, NULL, TO_DATE('2021-07-16 00:00:00', 'YYYY-MM-DD HH24:MI:SS'), 'superadmin', TO_DATE('2021-08-04 00:00:00', 'YYYY-MM-DD HH24:MI:SS'), 'superadmin');

-- changeset apim:1738745134900-47
INSERT INTO TB_CM_BAT_OPTS (BAT_ID, OPT_SEQ, OPT_NM, OPT_DESC, OPT_DATA, RG_DTM, RGMN, CHG_DTM, CHGNM) VALUES ('BatchHistoryCleaner', 1, 'GAP', '배치내역을 5일마다 삭제하는 옵션', '5', TO_DATE('2020-02-25 00:00:00', 'YYYY-MM-DD HH24:MI:SS'), 'superadmin', TO_DATE('2020-03-02 00:00:00', 'YYYY-MM-DD HH24:MI:SS'), 'superadmin');
INSERT INTO TB_CM_BAT_OPTS (BAT_ID, OPT_SEQ, OPT_NM, OPT_DESC, OPT_DATA, RG_DTM, RGMN, CHG_DTM, CHGNM) VALUES ('WebLogCleaner', 1, 'GAP', '배치 기동 시간 기준으로 {GAP}일 이전 일자 로그까지 모두 삭제', '5', TO_DATE('2018-12-09 00:00:00', 'YYYY-MM-DD HH24:MI:SS'), 'admin', TO_DATE('2020-03-05 00:00:00', 'YYYY-MM-DD HH24:MI:SS'), 'superadmin');
INSERT INTO TB_CM_BAT_OPTS (BAT_ID, OPT_SEQ, OPT_NM, OPT_DESC, OPT_DATA, RG_DTM, RGMN, CHG_DTM, CHGNM) VALUES ('ExpiredUserChanger', 1, 'GAP', '옵션값 설저에 의한 (옵션값)주기 변경정보 확인 후 사용유무 변경
처리', '90', TO_DATE('2019-07-22 00:00:00', 'YYYY-MM-DD HH24:MI:SS'), 'admin', TO_DATE('2020-02-24 00:00:00', 'YYYY-MM-DD HH24:MI:SS'), 'superadmin');
INSERT INTO TB_CM_BAT_OPTS (BAT_ID, OPT_SEQ, OPT_NM, OPT_DESC, OPT_DATA, RG_DTM, RGMN, CHG_DTM, CHGNM) VALUES ('LogFileCleaner', 1, 'GAP', '배치 기동 시간 기준으로 {GAP}일 이전 일자 로그까지 모두 삭제', '5', TO_DATE('2018-10-25 00:00:00', 'YYYY-MM-DD HH24:MI:SS'), 'admin', TO_DATE('2020-03-02 00:00:00', 'YYYY-MM-DD HH24:MI:SS'), 'superadmin');
INSERT INTO TB_CM_BAT_OPTS (BAT_ID, OPT_SEQ, OPT_NM, OPT_DESC, OPT_DATA, RG_DTM, RGMN, CHG_DTM, CHGNM) VALUES ('SftpFileDownloader', 1, 'IP', 'ftp접속 할 ip', '192.168.1.96', TO_DATE('2021-07-13 00:00:00', 'YYYY-MM-DD HH24:MI:SS'), 'superadmin', TO_DATE('2021-07-14 00:00:00', 'YYYY-MM-DD HH24:MI:SS'), 'superadmin');
INSERT INTO TB_CM_BAT_OPTS (BAT_ID, OPT_SEQ, OPT_NM, OPT_DESC, OPT_DATA, RG_DTM, RGMN, CHG_DTM, CHGNM) VALUES ('SftpFileDownloader', 2, 'ID', NULL, 'apim', TO_DATE('2021-07-13 00:00:00', 'YYYY-MM-DD HH24:MI:SS'), 'superadmin', TO_DATE('2021-07-13 00:00:00', 'YYYY-MM-DD HH24:MI:SS'), 'superadmin');
INSERT INTO TB_CM_BAT_OPTS (BAT_ID, OPT_SEQ, OPT_NM, OPT_DESC, OPT_DATA, RG_DTM, RGMN, CHG_DTM, CHGNM) VALUES ('SftpFileDownloader', 3, 'PWD', NULL, 'whwkrwk01', TO_DATE('2021-07-13 00:00:00', 'YYYY-MM-DD HH24:MI:SS'), 'superadmin', TO_DATE('2021-07-13 00:00:00', 'YYYY-MM-DD HH24:MI:SS'), 'superadmin');
INSERT INTO TB_CM_BAT_OPTS (BAT_ID, OPT_SEQ, OPT_NM, OPT_DESC, OPT_DATA, RG_DTM, RGMN, CHG_DTM, CHGNM) VALUES ('SftpFileDownloader', 4, 'SERVERPATH', NULL, '/home/apim/gateway/temp', TO_DATE('2021-07-13 00:00:00', 'YYYY-MM-DD HH24:MI:SS'), 'superadmin', TO_DATE('2021-07-14 00:00:00', 'YYYY-MM-DD HH24:MI:SS'), 'superadmin');
INSERT INTO TB_CM_BAT_OPTS (BAT_ID, OPT_SEQ, OPT_NM, OPT_DESC, OPT_DATA, RG_DTM, RGMN, CHG_DTM, CHGNM) VALUES ('SftpFileDownloader', 5, 'FILENM', NULL, 'hrdata', TO_DATE('2021-07-13 00:00:00', 'YYYY-MM-DD HH24:MI:SS'), 'superadmin', TO_DATE('2021-07-19 00:00:00', 'YYYY-MM-DD HH24:MI:SS'), 'superadmin');
INSERT INTO TB_CM_BAT_OPTS (BAT_ID, OPT_SEQ, OPT_NM, OPT_DESC, OPT_DATA, RG_DTM, RGMN, CHG_DTM, CHGNM) VALUES ('SftpFileDownloader', 6, 'DIR', '
D://batchdir', '/home/apim/gateway/testdown', TO_DATE('2021-07-13 00:00:00', 'YYYY-MM-DD HH24:MI:SS'), 'superadmin', TO_DATE('2021-07-15 00:00:00', 'YYYY-MM-DD HH24:MI:SS'), 'superadmin');
INSERT INTO TB_CM_BAT_OPTS (BAT_ID, OPT_SEQ, OPT_NM, OPT_DESC, OPT_DATA, RG_DTM, RGMN, CHG_DTM, CHGNM) VALUES ('SftpFileDownloader', 7, 'SAVEFILENM', NULL, 'down', TO_DATE('2021-07-13 00:00:00', 'YYYY-MM-DD HH24:MI:SS'), 'superadmin', TO_DATE('2021-07-19 00:00:00', 'YYYY-MM-DD HH24:MI:SS'), 'superadmin');
INSERT INTO TB_CM_BAT_OPTS (BAT_ID, OPT_SEQ, OPT_NM, OPT_DESC, OPT_DATA, RG_DTM, RGMN, CHG_DTM, CHGNM) VALUES ('HRFileToDBSynchronizer', 1, 'DIR', '&#47;home&#47;apim&#47;gateway&#47;testdown', 'D://batchdir', TO_DATE('2021-07-16 00:00:00', 'YYYY-MM-DD HH24:MI:SS'), 'superadmin', TO_DATE('2021-07-23 00:00:00', 'YYYY-MM-DD HH24:MI:SS'), 'superadmin');
INSERT INTO TB_CM_BAT_OPTS (BAT_ID, OPT_SEQ, OPT_NM, OPT_DESC, OPT_DATA, RG_DTM, RGMN, CHG_DTM, CHGNM) VALUES ('HRFileToDBSynchronizer', 2, 'FILENM', NULL, 'hrdata', TO_DATE('2021-07-16 00:00:00', 'YYYY-MM-DD HH24:MI:SS'), 'superadmin', TO_DATE('2021-07-23 00:00:00', 'YYYY-MM-DD HH24:MI:SS'), 'superadmin');
INSERT INTO TB_CM_BAT_OPTS (BAT_ID, OPT_SEQ, OPT_NM, OPT_DESC, OPT_DATA, RG_DTM, RGMN, CHG_DTM, CHGNM) VALUES ('SftpFileDownloader', 8, 'PORT', NULL, '22', TO_DATE('2021-07-15 00:00:00', 'YYYY-MM-DD HH24:MI:SS'), 'superadmin', TO_DATE('2021-07-15 00:00:00', 'YYYY-MM-DD HH24:MI:SS'), 'superadmin');

-- changeset apim:1738745134900-48
INSERT INTO TB_CM_CD_INF (C_GRP_ID, C_VAL, CNM, SIMP_C_SORT_SQ, MEMO_CNTN1, MEMO_CNTN2, MEMO_CNTN3, MEMO_CNTN4, MEMO_CNTN5, UYN, FSRG_DTM, FSRGMN_ENO, LSCHG_DTM, LS_CMENO) VALUES ('0000', '0001', '로그인비밀번호검증', 1, NULL, NULL, NULL, NULL, NULL, 'Y', TO_DATE('2019-01-09 00:00:00', 'YYYY-MM-DD HH24:MI:SS'), 'admin', TO_DATE('2019-01-09 00:00:00', 'YYYY-MM-DD HH24:MI:SS'), 'admin');
INSERT INTO TB_CM_CD_INF (C_GRP_ID, C_VAL, CNM, SIMP_C_SORT_SQ, MEMO_CNTN1, MEMO_CNTN2, MEMO_CNTN3, MEMO_CNTN4, MEMO_CNTN5, UYN, FSRG_DTM, FSRGMN_ENO, LSCHG_DTM, LS_CMENO) VALUES ('0000', '0004', '사용여부', 4, NULL, NULL, NULL, NULL, NULL, 'Y', TO_DATE('2019-09-02 00:00:00', 'YYYY-MM-DD HH24:MI:SS'), '11303822', TO_DATE('2019-11-15 00:00:00', 'YYYY-MM-DD HH24:MI:SS'), '11303822');
INSERT INTO TB_CM_CD_INF (C_GRP_ID, C_VAL, CNM, SIMP_C_SORT_SQ, MEMO_CNTN1, MEMO_CNTN2, MEMO_CNTN3, MEMO_CNTN4, MEMO_CNTN5, UYN, FSRG_DTM, FSRGMN_ENO, LSCHG_DTM, LS_CMENO) VALUES ('0000', '0005', '공지사항검색코드', 5, NULL, NULL, NULL, NULL, NULL, 'Y', TO_DATE('2019-09-02 00:00:00', 'YYYY-MM-DD HH24:MI:SS'), '11303822', TO_DATE('2019-11-19 00:00:00', 'YYYY-MM-DD HH24:MI:SS'), '11303822');
INSERT INTO TB_CM_CD_INF (C_GRP_ID, C_VAL, CNM, SIMP_C_SORT_SQ, MEMO_CNTN1, MEMO_CNTN2, MEMO_CNTN3, MEMO_CNTN4, MEMO_CNTN5, UYN, FSRG_DTM, FSRGMN_ENO, LSCHG_DTM, LS_CMENO) VALUES ('0000', '0006', '메뉴구분코드', 6, NULL, NULL, NULL, NULL, NULL, 'Y', TO_DATE('2019-09-02 00:00:00', 'YYYY-MM-DD HH24:MI:SS'), '11303822', TO_DATE('2020-03-06 00:00:00', 'YYYY-MM-DD HH24:MI:SS'), 'superadmin');
INSERT INTO TB_CM_CD_INF (C_GRP_ID, C_VAL, CNM, SIMP_C_SORT_SQ, MEMO_CNTN1, MEMO_CNTN2, MEMO_CNTN3, MEMO_CNTN4, MEMO_CNTN5, UYN, FSRG_DTM, FSRGMN_ENO, LSCHG_DTM, LS_CMENO) VALUES ('0000', '0007', '직급코드', 7, NULL, NULL, NULL, NULL, NULL, 'Y', TO_DATE('2020-03-06 00:00:00', 'YYYY-MM-DD HH24:MI:SS'), 'superadmin', TO_DATE('2020-03-06 00:00:00', 'YYYY-MM-DD HH24:MI:SS'), 'superadmin');
INSERT INTO TB_CM_CD_INF (C_GRP_ID, C_VAL, CNM, SIMP_C_SORT_SQ, MEMO_CNTN1, MEMO_CNTN2, MEMO_CNTN3, MEMO_CNTN4, MEMO_CNTN5, UYN, FSRG_DTM, FSRGMN_ENO, LSCHG_DTM, LS_CMENO) VALUES ('0000', '0011', '배치유형코드', 11, NULL, NULL, NULL, NULL, NULL, 'Y', TO_DATE('2020-02-24 00:00:00', 'YYYY-MM-DD HH24:MI:SS'), 'superadmin', TO_DATE('2020-02-24 00:00:00', 'YYYY-MM-DD HH24:MI:SS'), 'superadmin');
INSERT INTO TB_CM_CD_INF (C_GRP_ID, C_VAL, CNM, SIMP_C_SORT_SQ, MEMO_CNTN1, MEMO_CNTN2, MEMO_CNTN3, MEMO_CNTN4, MEMO_CNTN5, UYN, FSRG_DTM, FSRGMN_ENO, LSCHG_DTM, LS_CMENO) VALUES ('0000', '0012', '배치실행결과코드', 12, '배치실생결과 코드 S[성공]&#44; F[실패]&#44;E[에러]', NULL, NULL, NULL, NULL, 'Y', TO_DATE('2020-02-27 00:00:00', 'YYYY-MM-DD HH24:MI:SS'), 'superadmin', TO_DATE('2020-02-27 00:00:00', 'YYYY-MM-DD HH24:MI:SS'), 'superadmin');
INSERT INTO TB_CM_CD_INF (C_GRP_ID, C_VAL, CNM, SIMP_C_SORT_SQ, MEMO_CNTN1, MEMO_CNTN2, MEMO_CNTN3, MEMO_CNTN4, MEMO_CNTN5, UYN, FSRG_DTM, FSRGMN_ENO, LSCHG_DTM, LS_CMENO) VALUES ('0000', '0013', '사용 여부', 13, NULL, NULL, NULL, NULL, NULL, 'Y', TO_DATE('2020-03-30 00:00:00', 'YYYY-MM-DD HH24:MI:SS'), 'superadmin', TO_DATE('2024-02-26 00:00:00', 'YYYY-MM-DD HH24:MI:SS'), 'superadmin');
INSERT INTO TB_CM_CD_INF (C_GRP_ID, C_VAL, CNM, SIMP_C_SORT_SQ, MEMO_CNTN1, MEMO_CNTN2, MEMO_CNTN3, MEMO_CNTN4, MEMO_CNTN5, UYN, FSRG_DTM, FSRGMN_ENO, LSCHG_DTM, LS_CMENO) VALUES ('0000', '0020', '클래스 유형', 20, NULL, NULL, NULL, NULL, NULL, 'Y', TO_DATE('2020-03-30 00:00:00', 'YYYY-MM-DD HH24:MI:SS'), 'superadmin', TO_DATE('2020-03-30 00:00:00', 'YYYY-MM-DD HH24:MI:SS'), 'superadmin');
INSERT INTO TB_CM_CD_INF (C_GRP_ID, C_VAL, CNM, SIMP_C_SORT_SQ, MEMO_CNTN1, MEMO_CNTN2, MEMO_CNTN3, MEMO_CNTN4, MEMO_CNTN5, UYN, FSRG_DTM, FSRGMN_ENO, LSCHG_DTM, LS_CMENO) VALUES ('0000', '0022', '파일로그레벨', NULL, NULL, NULL, NULL, NULL, NULL, 'Y', TO_DATE('2020-05-01 00:00:00', 'YYYY-MM-DD HH24:MI:SS'), 'superadmin', TO_DATE('2020-05-01 00:00:00', 'YYYY-MM-DD HH24:MI:SS'), 'superadmin');
INSERT INTO TB_CM_CD_INF (C_GRP_ID, C_VAL, CNM, SIMP_C_SORT_SQ, MEMO_CNTN1, MEMO_CNTN2, MEMO_CNTN3, MEMO_CNTN4, MEMO_CNTN5, UYN, FSRG_DTM, FSRGMN_ENO, LSCHG_DTM, LS_CMENO) VALUES ('0000', '0023', 'DB로그 암복호화', NULL, NULL, NULL, NULL, NULL, NULL, 'Y', TO_DATE('2020-05-21 00:00:00', 'YYYY-MM-DD HH24:MI:SS'), 'superadmin', TO_DATE('2020-05-31 00:00:00', 'YYYY-MM-DD HH24:MI:SS'), 'superadmin');
INSERT INTO TB_CM_CD_INF (C_GRP_ID, C_VAL, CNM, SIMP_C_SORT_SQ, MEMO_CNTN1, MEMO_CNTN2, MEMO_CNTN3, MEMO_CNTN4, MEMO_CNTN5, UYN, FSRG_DTM, FSRGMN_ENO, LSCHG_DTM, LS_CMENO) VALUES ('0000', '0025', 'OAuth 토큰 Grant Type', 25, NULL, NULL, NULL, NULL, NULL, 'Y', TO_DATE('2020-07-28 00:00:00', 'YYYY-MM-DD HH24:MI:SS'), 'superadmin', TO_DATE('2020-07-28 00:00:00', 'YYYY-MM-DD HH24:MI:SS'), 'superadmin');
INSERT INTO TB_CM_CD_INF (C_GRP_ID, C_VAL, CNM, SIMP_C_SORT_SQ, MEMO_CNTN1, MEMO_CNTN2, MEMO_CNTN3, MEMO_CNTN4, MEMO_CNTN5, UYN, FSRG_DTM, FSRGMN_ENO, LSCHG_DTM, LS_CMENO) VALUES ('0000', '0026', '거래제한코드', NULL, NULL, NULL, NULL, NULL, NULL, 'Y', TO_DATE('2020-08-04 00:00:00', 'YYYY-MM-DD HH24:MI:SS'), 'superadmin', TO_DATE('2020-08-04 00:00:00', 'YYYY-MM-DD HH24:MI:SS'), 'superadmin');
INSERT INTO TB_CM_CD_INF (C_GRP_ID, C_VAL, CNM, SIMP_C_SORT_SQ, MEMO_CNTN1, MEMO_CNTN2, MEMO_CNTN3, MEMO_CNTN4, MEMO_CNTN5, UYN, FSRG_DTM, FSRGMN_ENO, LSCHG_DTM, LS_CMENO) VALUES ('0000', '0037', '변경이력관리 작업유형', NULL, NULL, NULL, NULL, NULL, NULL, 'Y', TO_DATE('2021-05-03 00:00:00', 'YYYY-MM-DD HH24:MI:SS'), 'superadmin', TO_DATE('2021-05-03 00:00:00', 'YYYY-MM-DD HH24:MI:SS'), 'superadmin');
INSERT INTO TB_CM_CD_INF (C_GRP_ID, C_VAL, CNM, SIMP_C_SORT_SQ, MEMO_CNTN1, MEMO_CNTN2, MEMO_CNTN3, MEMO_CNTN4, MEMO_CNTN5, UYN, FSRG_DTM, FSRGMN_ENO, LSCHG_DTM, LS_CMENO) VALUES ('0000', '0038', '서버타입', NULL, NULL, NULL, NULL, NULL, NULL, 'Y', TO_DATE('2020-08-02 00:00:00', 'YYYY-MM-DD HH24:MI:SS'), 'superadmin', TO_DATE('2024-03-04 00:00:00', 'YYYY-MM-DD HH24:MI:SS'), 'superadmin');
INSERT INTO TB_CM_CD_INF (C_GRP_ID, C_VAL, CNM, SIMP_C_SORT_SQ, MEMO_CNTN1, MEMO_CNTN2, MEMO_CNTN3, MEMO_CNTN4, MEMO_CNTN5, UYN, FSRG_DTM, FSRGMN_ENO, LSCHG_DTM, LS_CMENO) VALUES ('0000', '0102', '기동 상태', NULL, NULL, NULL, NULL, NULL, NULL, 'Y', TO_DATE('2020-03-28 00:00:00', 'YYYY-MM-DD HH24:MI:SS'), 'superadmin', TO_DATE('2020-03-28 00:00:00', 'YYYY-MM-DD HH24:MI:SS'), 'superadmin');
INSERT INTO TB_CM_CD_INF (C_GRP_ID, C_VAL, CNM, SIMP_C_SORT_SQ, MEMO_CNTN1, MEMO_CNTN2, MEMO_CNTN3, MEMO_CNTN4, MEMO_CNTN5, UYN, FSRG_DTM, FSRGMN_ENO, LSCHG_DTM, LS_CMENO) VALUES ('0000', '0110', '변경 작업 유형', NULL, NULL, NULL, NULL, NULL, NULL, 'Y', TO_DATE('2020-07-23 00:00:00', 'YYYY-MM-DD HH24:MI:SS'), 'superadmin', TO_DATE('2020-07-23 00:00:00', 'YYYY-MM-DD HH24:MI:SS'), 'superadmin');
INSERT INTO TB_CM_CD_INF (C_GRP_ID, C_VAL, CNM, SIMP_C_SORT_SQ, MEMO_CNTN1, MEMO_CNTN2, MEMO_CNTN3, MEMO_CNTN4, MEMO_CNTN5, UYN, FSRG_DTM, FSRGMN_ENO, LSCHG_DTM, LS_CMENO) VALUES ('0001', '1', '비밀번호입력제한횟수', 1, '5', NULL, NULL, NULL, NULL, 'Y', TO_DATE('2019-01-09 00:00:00', 'YYYY-MM-DD HH24:MI:SS'), 'admin', TO_DATE('2019-01-09 00:00:00', 'YYYY-MM-DD HH24:MI:SS'), 'admin');
INSERT INTO TB_CM_CD_INF (C_GRP_ID, C_VAL, CNM, SIMP_C_SORT_SQ, MEMO_CNTN1, MEMO_CNTN2, MEMO_CNTN3, MEMO_CNTN4, MEMO_CNTN5, UYN, FSRG_DTM, FSRGMN_ENO, LSCHG_DTM, LS_CMENO) VALUES ('0001', '2', '비밀번호변경주기', 2, '90', NULL, NULL, NULL, NULL, 'Y', TO_DATE('2019-01-09 00:00:00', 'YYYY-MM-DD HH24:MI:SS'), 'admin', TO_DATE('2019-01-09 00:00:00', 'YYYY-MM-DD HH24:MI:SS'), 'admin');
INSERT INTO TB_CM_CD_INF (C_GRP_ID, C_VAL, CNM, SIMP_C_SORT_SQ, MEMO_CNTN1, MEMO_CNTN2, MEMO_CNTN3, MEMO_CNTN4, MEMO_CNTN5, UYN, FSRG_DTM, FSRGMN_ENO, LSCHG_DTM, LS_CMENO) VALUES ('0004', 'N', '미사용', 2, NULL, NULL, NULL, NULL, NULL, 'Y', TO_DATE('2019-09-02 00:00:00', 'YYYY-MM-DD HH24:MI:SS'), '11303822', TO_DATE('2019-11-15 00:00:00', 'YYYY-MM-DD HH24:MI:SS'), '11303822');
INSERT INTO TB_CM_CD_INF (C_GRP_ID, C_VAL, CNM, SIMP_C_SORT_SQ, MEMO_CNTN1, MEMO_CNTN2, MEMO_CNTN3, MEMO_CNTN4, MEMO_CNTN5, UYN, FSRG_DTM, FSRGMN_ENO, LSCHG_DTM, LS_CMENO) VALUES ('0004', 'Y', '사용', 1, NULL, NULL, NULL, NULL, NULL, 'Y', TO_DATE('2019-09-02 00:00:00', 'YYYY-MM-DD HH24:MI:SS'), '11303822', TO_DATE('2019-09-02 00:00:00', 'YYYY-MM-DD HH24:MI:SS'), '11303822');
INSERT INTO TB_CM_CD_INF (C_GRP_ID, C_VAL, CNM, SIMP_C_SORT_SQ, MEMO_CNTN1, MEMO_CNTN2, MEMO_CNTN3, MEMO_CNTN4, MEMO_CNTN5, UYN, FSRG_DTM, FSRGMN_ENO, LSCHG_DTM, LS_CMENO) VALUES ('0005', '2', '제목', 2, NULL, NULL, NULL, NULL, NULL, 'Y', TO_DATE('2019-09-02 00:00:00', 'YYYY-MM-DD HH24:MI:SS'), '11303822', TO_DATE('2019-09-02 00:00:00', 'YYYY-MM-DD HH24:MI:SS'), '11303822');
INSERT INTO TB_CM_CD_INF (C_GRP_ID, C_VAL, CNM, SIMP_C_SORT_SQ, MEMO_CNTN1, MEMO_CNTN2, MEMO_CNTN3, MEMO_CNTN4, MEMO_CNTN5, UYN, FSRG_DTM, FSRGMN_ENO, LSCHG_DTM, LS_CMENO) VALUES ('0005', '3', '내용', 3, NULL, NULL, NULL, NULL, NULL, 'Y', TO_DATE('2019-09-02 00:00:00', 'YYYY-MM-DD HH24:MI:SS'), '11303822', TO_DATE('2019-09-02 00:00:00', 'YYYY-MM-DD HH24:MI:SS'), '11303822');
INSERT INTO TB_CM_CD_INF (C_GRP_ID, C_VAL, CNM, SIMP_C_SORT_SQ, MEMO_CNTN1, MEMO_CNTN2, MEMO_CNTN3, MEMO_CNTN4, MEMO_CNTN5, UYN, FSRG_DTM, FSRGMN_ENO, LSCHG_DTM, LS_CMENO) VALUES ('0005', '4', '등록자', 4, NULL, NULL, NULL, NULL, NULL, 'Y', TO_DATE('2019-09-02 00:00:00', 'YYYY-MM-DD HH24:MI:SS'), '11303822', TO_DATE('2019-09-02 00:00:00', 'YYYY-MM-DD HH24:MI:SS'), '11303822');
INSERT INTO TB_CM_CD_INF (C_GRP_ID, C_VAL, CNM, SIMP_C_SORT_SQ, MEMO_CNTN1, MEMO_CNTN2, MEMO_CNTN3, MEMO_CNTN4, MEMO_CNTN5, UYN, FSRG_DTM, FSRGMN_ENO, LSCHG_DTM, LS_CMENO) VALUES ('0005', '1', '제목+내용', 1, NULL, NULL, NULL, NULL, NULL, 'Y', TO_DATE('2019-09-10 00:00:00', 'YYYY-MM-DD HH24:MI:SS'), '11303822', TO_DATE('2019-09-10 00:00:00', 'YYYY-MM-DD HH24:MI:SS'), '11303822');
INSERT INTO TB_CM_CD_INF (C_GRP_ID, C_VAL, CNM, SIMP_C_SORT_SQ, MEMO_CNTN1, MEMO_CNTN2, MEMO_CNTN3, MEMO_CNTN4, MEMO_CNTN5, UYN, FSRG_DTM, FSRGMN_ENO, LSCHG_DTM, LS_CMENO) VALUES ('0006', '1', '상위메뉴', 1, NULL, NULL, NULL, NULL, NULL, 'Y', TO_DATE('2019-09-02 00:00:00', 'YYYY-MM-DD HH24:MI:SS'), '11303822', TO_DATE('2019-09-02 00:00:00', 'YYYY-MM-DD HH24:MI:SS'), '11303822');
INSERT INTO TB_CM_CD_INF (C_GRP_ID, C_VAL, CNM, SIMP_C_SORT_SQ, MEMO_CNTN1, MEMO_CNTN2, MEMO_CNTN3, MEMO_CNTN4, MEMO_CNTN5, UYN, FSRG_DTM, FSRGMN_ENO, LSCHG_DTM, LS_CMENO) VALUES ('0006', '2', '하위메뉴', 2, NULL, NULL, NULL, NULL, NULL, 'Y', TO_DATE('2019-09-02 00:00:00', 'YYYY-MM-DD HH24:MI:SS'), '11303822', TO_DATE('2019-09-02 00:00:00', 'YYYY-MM-DD HH24:MI:SS'), '11303822');
INSERT INTO TB_CM_CD_INF (C_GRP_ID, C_VAL, CNM, SIMP_C_SORT_SQ, MEMO_CNTN1, MEMO_CNTN2, MEMO_CNTN3, MEMO_CNTN4, MEMO_CNTN5, UYN, FSRG_DTM, FSRGMN_ENO, LSCHG_DTM, LS_CMENO) VALUES ('0007', '01', '사원', 1, NULL, NULL, NULL, NULL, NULL, 'Y', TO_DATE('2020-03-06 00:00:00', 'YYYY-MM-DD HH24:MI:SS'), 'superadmin', TO_DATE('2020-03-06 00:00:00', 'YYYY-MM-DD HH24:MI:SS'), 'superadmin');
INSERT INTO TB_CM_CD_INF (C_GRP_ID, C_VAL, CNM, SIMP_C_SORT_SQ, MEMO_CNTN1, MEMO_CNTN2, MEMO_CNTN3, MEMO_CNTN4, MEMO_CNTN5, UYN, FSRG_DTM, FSRGMN_ENO, LSCHG_DTM, LS_CMENO) VALUES ('0007', '02', '대리', 2, NULL, NULL, NULL, NULL, NULL, 'Y', TO_DATE('2020-03-06 00:00:00', 'YYYY-MM-DD HH24:MI:SS'), 'superadmin', TO_DATE('2020-03-06 00:00:00', 'YYYY-MM-DD HH24:MI:SS'), 'superadmin');
INSERT INTO TB_CM_CD_INF (C_GRP_ID, C_VAL, CNM, SIMP_C_SORT_SQ, MEMO_CNTN1, MEMO_CNTN2, MEMO_CNTN3, MEMO_CNTN4, MEMO_CNTN5, UYN, FSRG_DTM, FSRGMN_ENO, LSCHG_DTM, LS_CMENO) VALUES ('0007', '03', '과장', 3, NULL, NULL, NULL, NULL, NULL, 'Y', TO_DATE('2020-03-06 00:00:00', 'YYYY-MM-DD HH24:MI:SS'), 'superadmin', TO_DATE('2020-03-06 00:00:00', 'YYYY-MM-DD HH24:MI:SS'), 'superadmin');
INSERT INTO TB_CM_CD_INF (C_GRP_ID, C_VAL, CNM, SIMP_C_SORT_SQ, MEMO_CNTN1, MEMO_CNTN2, MEMO_CNTN3, MEMO_CNTN4, MEMO_CNTN5, UYN, FSRG_DTM, FSRGMN_ENO, LSCHG_DTM, LS_CMENO) VALUES ('0007', '04', '차장', 4, NULL, NULL, NULL, NULL, NULL, 'Y', TO_DATE('2020-03-06 00:00:00', 'YYYY-MM-DD HH24:MI:SS'), 'superadmin', TO_DATE('2020-03-06 00:00:00', 'YYYY-MM-DD HH24:MI:SS'), 'superadmin');
INSERT INTO TB_CM_CD_INF (C_GRP_ID, C_VAL, CNM, SIMP_C_SORT_SQ, MEMO_CNTN1, MEMO_CNTN2, MEMO_CNTN3, MEMO_CNTN4, MEMO_CNTN5, UYN, FSRG_DTM, FSRGMN_ENO, LSCHG_DTM, LS_CMENO) VALUES ('0007', '05', '부장', 5, NULL, NULL, NULL, NULL, NULL, 'Y', TO_DATE('2020-03-06 00:00:00', 'YYYY-MM-DD HH24:MI:SS'), 'superadmin', TO_DATE('2020-03-06 00:00:00', 'YYYY-MM-DD HH24:MI:SS'), 'superadmin');
INSERT INTO TB_CM_CD_INF (C_GRP_ID, C_VAL, CNM, SIMP_C_SORT_SQ, MEMO_CNTN1, MEMO_CNTN2, MEMO_CNTN3, MEMO_CNTN4, MEMO_CNTN5, UYN, FSRG_DTM, FSRGMN_ENO, LSCHG_DTM, LS_CMENO) VALUES ('0007', '06', '이사', 6, NULL, NULL, NULL, NULL, NULL, 'Y', TO_DATE('2020-03-06 00:00:00', 'YYYY-MM-DD HH24:MI:SS'), 'superadmin', TO_DATE('2020-03-06 00:00:00', 'YYYY-MM-DD HH24:MI:SS'), 'superadmin');
INSERT INTO TB_CM_CD_INF (C_GRP_ID, C_VAL, CNM, SIMP_C_SORT_SQ, MEMO_CNTN1, MEMO_CNTN2, MEMO_CNTN3, MEMO_CNTN4, MEMO_CNTN5, UYN, FSRG_DTM, FSRGMN_ENO, LSCHG_DTM, LS_CMENO) VALUES ('0007', '07', '상무', 7, NULL, NULL, NULL, NULL, NULL, 'Y', TO_DATE('2020-03-06 00:00:00', 'YYYY-MM-DD HH24:MI:SS'), 'superadmin', TO_DATE('2020-03-06 00:00:00', 'YYYY-MM-DD HH24:MI:SS'), 'superadmin');
INSERT INTO TB_CM_CD_INF (C_GRP_ID, C_VAL, CNM, SIMP_C_SORT_SQ, MEMO_CNTN1, MEMO_CNTN2, MEMO_CNTN3, MEMO_CNTN4, MEMO_CNTN5, UYN, FSRG_DTM, FSRGMN_ENO, LSCHG_DTM, LS_CMENO) VALUES ('0007', '08', '전무', 8, NULL, NULL, NULL, NULL, NULL, 'Y', TO_DATE('2020-03-06 00:00:00', 'YYYY-MM-DD HH24:MI:SS'), 'superadmin', TO_DATE('2020-03-06 00:00:00', 'YYYY-MM-DD HH24:MI:SS'), 'superadmin');
INSERT INTO TB_CM_CD_INF (C_GRP_ID, C_VAL, CNM, SIMP_C_SORT_SQ, MEMO_CNTN1, MEMO_CNTN2, MEMO_CNTN3, MEMO_CNTN4, MEMO_CNTN5, UYN, FSRG_DTM, FSRGMN_ENO, LSCHG_DTM, LS_CMENO) VALUES ('0007', '09', '대표이사', 9, NULL, NULL, NULL, NULL, NULL, 'Y', TO_DATE('2020-03-06 00:00:00', 'YYYY-MM-DD HH24:MI:SS'), 'superadmin', TO_DATE('2020-03-06 00:00:00', 'YYYY-MM-DD HH24:MI:SS'), 'superadmin');
INSERT INTO TB_CM_CD_INF (C_GRP_ID, C_VAL, CNM, SIMP_C_SORT_SQ, MEMO_CNTN1, MEMO_CNTN2, MEMO_CNTN3, MEMO_CNTN4, MEMO_CNTN5, UYN, FSRG_DTM, FSRGMN_ENO, LSCHG_DTM, LS_CMENO) VALUES ('0011', 'D', '일배치', 1, NULL, NULL, NULL, NULL, NULL, 'Y', TO_DATE('2020-02-24 00:00:00', 'YYYY-MM-DD HH24:MI:SS'), 'superadmin', TO_DATE('2020-02-24 00:00:00', 'YYYY-MM-DD HH24:MI:SS'), 'superadmin');
INSERT INTO TB_CM_CD_INF (C_GRP_ID, C_VAL, CNM, SIMP_C_SORT_SQ, MEMO_CNTN1, MEMO_CNTN2, MEMO_CNTN3, MEMO_CNTN4, MEMO_CNTN5, UYN, FSRG_DTM, FSRGMN_ENO, LSCHG_DTM, LS_CMENO) VALUES ('0011', 'C', '주기배치', 2, NULL, NULL, NULL, NULL, NULL, 'Y', TO_DATE('2020-02-24 00:00:00', 'YYYY-MM-DD HH24:MI:SS'), 'superadmin', TO_DATE('2020-02-24 00:00:00', 'YYYY-MM-DD HH24:MI:SS'), 'superadmin');
INSERT INTO TB_CM_CD_INF (C_GRP_ID, C_VAL, CNM, SIMP_C_SORT_SQ, MEMO_CNTN1, MEMO_CNTN2, MEMO_CNTN3, MEMO_CNTN4, MEMO_CNTN5, UYN, FSRG_DTM, FSRGMN_ENO, LSCHG_DTM, LS_CMENO) VALUES ('0012', 'F', '실패', 2, NULL, NULL, NULL, NULL, NULL, 'Y', TO_DATE('2020-02-27 00:00:00', 'YYYY-MM-DD HH24:MI:SS'), 'superadmin', TO_DATE('2020-02-27 00:00:00', 'YYYY-MM-DD HH24:MI:SS'), 'superadmin');
INSERT INTO TB_CM_CD_INF (C_GRP_ID, C_VAL, CNM, SIMP_C_SORT_SQ, MEMO_CNTN1, MEMO_CNTN2, MEMO_CNTN3, MEMO_CNTN4, MEMO_CNTN5, UYN, FSRG_DTM, FSRGMN_ENO, LSCHG_DTM, LS_CMENO) VALUES ('0012', 'E', '에러', 3, NULL, NULL, NULL, NULL, NULL, 'Y', TO_DATE('2020-02-27 00:00:00', 'YYYY-MM-DD HH24:MI:SS'), 'superadmin', TO_DATE('2020-02-27 00:00:00', 'YYYY-MM-DD HH24:MI:SS'), 'superadmin');
INSERT INTO TB_CM_CD_INF (C_GRP_ID, C_VAL, CNM, SIMP_C_SORT_SQ, MEMO_CNTN1, MEMO_CNTN2, MEMO_CNTN3, MEMO_CNTN4, MEMO_CNTN5, UYN, FSRG_DTM, FSRGMN_ENO, LSCHG_DTM, LS_CMENO) VALUES ('0012', 'S', '성공', 1, NULL, NULL, NULL, NULL, NULL, 'Y', TO_DATE('2020-02-27 00:00:00', 'YYYY-MM-DD HH24:MI:SS'), 'superadmin', TO_DATE('2020-02-27 00:00:00', 'YYYY-MM-DD HH24:MI:SS'), 'superadmin');
INSERT INTO TB_CM_CD_INF (C_GRP_ID, C_VAL, CNM, SIMP_C_SORT_SQ, MEMO_CNTN1, MEMO_CNTN2, MEMO_CNTN3, MEMO_CNTN4, MEMO_CNTN5, UYN, FSRG_DTM, FSRGMN_ENO, LSCHG_DTM, LS_CMENO) VALUES ('0013', 'Y', '사용', 1, NULL, NULL, NULL, NULL, NULL, 'Y', TO_DATE('2020-03-30 00:00:00', 'YYYY-MM-DD HH24:MI:SS'), 'superadmin', TO_DATE('2024-02-26 00:00:00', 'YYYY-MM-DD HH24:MI:SS'), 'superadmin');
INSERT INTO TB_CM_CD_INF (C_GRP_ID, C_VAL, CNM, SIMP_C_SORT_SQ, MEMO_CNTN1, MEMO_CNTN2, MEMO_CNTN3, MEMO_CNTN4, MEMO_CNTN5, UYN, FSRG_DTM, FSRGMN_ENO, LSCHG_DTM, LS_CMENO) VALUES ('0013', 'N', '미사용', 2, NULL, NULL, NULL, NULL, NULL, 'Y', TO_DATE('2020-03-30 00:00:00', 'YYYY-MM-DD HH24:MI:SS'), 'superadmin', TO_DATE('2024-02-26 00:00:00', 'YYYY-MM-DD HH24:MI:SS'), 'superadmin');
INSERT INTO TB_CM_CD_INF (C_GRP_ID, C_VAL, CNM, SIMP_C_SORT_SQ, MEMO_CNTN1, MEMO_CNTN2, MEMO_CNTN3, MEMO_CNTN4, MEMO_CNTN5, UYN, FSRG_DTM, FSRGMN_ENO, LSCHG_DTM, LS_CMENO) VALUES ('0020', 'FLT', '필터', 1, '&#47;img&#47;class_icon&#47;cls_flt.png', '1', NULL, NULL, NULL, 'Y', TO_DATE('2020-03-30 00:00:00', 'YYYY-MM-DD HH24:MI:SS'), 'superadmin', TO_DATE('2020-03-31 00:00:00', 'YYYY-MM-DD HH24:MI:SS'), 'superadmin');
INSERT INTO TB_CM_CD_INF (C_GRP_ID, C_VAL, CNM, SIMP_C_SORT_SQ, MEMO_CNTN1, MEMO_CNTN2, MEMO_CNTN3, MEMO_CNTN4, MEMO_CNTN5, UYN, FSRG_DTM, FSRGMN_ENO, LSCHG_DTM, LS_CMENO) VALUES ('0020', 'LOG', '로그', 2, '&#47;img&#47;class_icon&#47;cls_log.png', '2', NULL, NULL, NULL, 'Y', TO_DATE('2020-03-30 00:00:00', 'YYYY-MM-DD HH24:MI:SS'), 'superadmin', TO_DATE('2020-03-31 00:00:00', 'YYYY-MM-DD HH24:MI:SS'), 'superadmin');
INSERT INTO TB_CM_CD_INF (C_GRP_ID, C_VAL, CNM, SIMP_C_SORT_SQ, MEMO_CNTN1, MEMO_CNTN2, MEMO_CNTN3, MEMO_CNTN4, MEMO_CNTN5, UYN, FSRG_DTM, FSRGMN_ENO, LSCHG_DTM, LS_CMENO) VALUES ('0020', 'ADT', '어댑터', 3, '&#47;img&#47;class_icon&#47;cls_adt.png', '3', NULL, NULL, NULL, 'Y', TO_DATE('2020-03-30 00:00:00', 'YYYY-MM-DD HH24:MI:SS'), 'superadmin', TO_DATE('2020-03-31 00:00:00', 'YYYY-MM-DD HH24:MI:SS'), 'superadmin');
INSERT INTO TB_CM_CD_INF (C_GRP_ID, C_VAL, CNM, SIMP_C_SORT_SQ, MEMO_CNTN1, MEMO_CNTN2, MEMO_CNTN3, MEMO_CNTN4, MEMO_CNTN5, UYN, FSRG_DTM, FSRGMN_ENO, LSCHG_DTM, LS_CMENO) VALUES ('0020', 'ENC', '암복호화', 4, '&#47;img&#47;class_icon&#47;cls_enc.png', '1', NULL, NULL, NULL, 'Y', TO_DATE('2020-03-30 00:00:00', 'YYYY-MM-DD HH24:MI:SS'), 'superadmin', TO_DATE('2020-03-31 00:00:00', 'YYYY-MM-DD HH24:MI:SS'), 'superadmin');
INSERT INTO TB_CM_CD_INF (C_GRP_ID, C_VAL, CNM, SIMP_C_SORT_SQ, MEMO_CNTN1, MEMO_CNTN2, MEMO_CNTN3, MEMO_CNTN4, MEMO_CNTN5, UYN, FSRG_DTM, FSRGMN_ENO, LSCHG_DTM, LS_CMENO) VALUES ('0020', 'TRS', '변환', 5, '&#47;img&#47;class_icon&#47;cls_trs.png', '1', NULL, NULL, NULL, 'Y', TO_DATE('2020-03-30 00:00:00', 'YYYY-MM-DD HH24:MI:SS'), 'superadmin', TO_DATE('2020-03-31 00:00:00', 'YYYY-MM-DD HH24:MI:SS'), 'superadmin');
INSERT INTO TB_CM_CD_INF (C_GRP_ID, C_VAL, CNM, SIMP_C_SORT_SQ, MEMO_CNTN1, MEMO_CNTN2, MEMO_CNTN3, MEMO_CNTN4, MEMO_CNTN5, UYN, FSRG_DTM, FSRGMN_ENO, LSCHG_DTM, LS_CMENO) VALUES ('0020', 'ETC', '기타', 6, '&#47;img&#47;class_icon&#47;cls_etc.png', '1', NULL, NULL, NULL, 'Y', TO_DATE('2020-03-30 00:00:00', 'YYYY-MM-DD HH24:MI:SS'), 'superadmin', TO_DATE('2020-03-31 00:00:00', 'YYYY-MM-DD HH24:MI:SS'), 'superadmin');
INSERT INTO TB_CM_CD_INF (C_GRP_ID, C_VAL, CNM, SIMP_C_SORT_SQ, MEMO_CNTN1, MEMO_CNTN2, MEMO_CNTN3, MEMO_CNTN4, MEMO_CNTN5, UYN, FSRG_DTM, FSRGMN_ENO, LSCHG_DTM, LS_CMENO) VALUES ('0022', 'ERROR', 'ERROR', 2, NULL, NULL, NULL, NULL, NULL, 'Y', TO_DATE('2020-05-01 00:00:00', 'YYYY-MM-DD HH24:MI:SS'), 'superadmin', TO_DATE('2020-05-01 00:00:00', 'YYYY-MM-DD HH24:MI:SS'), 'superadmin');
INSERT INTO TB_CM_CD_INF (C_GRP_ID, C_VAL, CNM, SIMP_C_SORT_SQ, MEMO_CNTN1, MEMO_CNTN2, MEMO_CNTN3, MEMO_CNTN4, MEMO_CNTN5, UYN, FSRG_DTM, FSRGMN_ENO, LSCHG_DTM, LS_CMENO) VALUES ('0022', 'OFF', 'OFF', 1, NULL, NULL, NULL, NULL, NULL, 'Y', TO_DATE('2020-05-01 00:00:00', 'YYYY-MM-DD HH24:MI:SS'), 'superadmin', TO_DATE('2020-05-01 00:00:00', 'YYYY-MM-DD HH24:MI:SS'), 'superadmin');
INSERT INTO TB_CM_CD_INF (C_GRP_ID, C_VAL, CNM, SIMP_C_SORT_SQ, MEMO_CNTN1, MEMO_CNTN2, MEMO_CNTN3, MEMO_CNTN4, MEMO_CNTN5, UYN, FSRG_DTM, FSRGMN_ENO, LSCHG_DTM, LS_CMENO) VALUES ('0022', 'WARN', 'WARN', 3, NULL, NULL, NULL, NULL, NULL, 'Y', TO_DATE('2020-05-01 00:00:00', 'YYYY-MM-DD HH24:MI:SS'), 'superadmin', TO_DATE('2020-05-01 00:00:00', 'YYYY-MM-DD HH24:MI:SS'), 'superadmin');
INSERT INTO TB_CM_CD_INF (C_GRP_ID, C_VAL, CNM, SIMP_C_SORT_SQ, MEMO_CNTN1, MEMO_CNTN2, MEMO_CNTN3, MEMO_CNTN4, MEMO_CNTN5, UYN, FSRG_DTM, FSRGMN_ENO, LSCHG_DTM, LS_CMENO) VALUES ('0022', 'INFO', 'INFO', 4, NULL, NULL, NULL, NULL, NULL, 'Y', TO_DATE('2020-05-01 00:00:00', 'YYYY-MM-DD HH24:MI:SS'), 'superadmin', TO_DATE('2020-05-01 00:00:00', 'YYYY-MM-DD HH24:MI:SS'), 'superadmin');
INSERT INTO TB_CM_CD_INF (C_GRP_ID, C_VAL, CNM, SIMP_C_SORT_SQ, MEMO_CNTN1, MEMO_CNTN2, MEMO_CNTN3, MEMO_CNTN4, MEMO_CNTN5, UYN, FSRG_DTM, FSRGMN_ENO, LSCHG_DTM, LS_CMENO) VALUES ('0022', 'DEBUG', 'DEBUG', 5, NULL, NULL, NULL, NULL, NULL, 'Y', TO_DATE('2020-05-01 00:00:00', 'YYYY-MM-DD HH24:MI:SS'), 'superadmin', TO_DATE('2020-05-01 00:00:00', 'YYYY-MM-DD HH24:MI:SS'), 'superadmin');
INSERT INTO TB_CM_CD_INF (C_GRP_ID, C_VAL, CNM, SIMP_C_SORT_SQ, MEMO_CNTN1, MEMO_CNTN2, MEMO_CNTN3, MEMO_CNTN4, MEMO_CNTN5, UYN, FSRG_DTM, FSRGMN_ENO, LSCHG_DTM, LS_CMENO) VALUES ('0022', 'TRACE', 'TRACE', 6, NULL, NULL, NULL, NULL, NULL, 'Y', TO_DATE('2020-05-01 00:00:00', 'YYYY-MM-DD HH24:MI:SS'), 'superadmin', TO_DATE('2020-05-01 00:00:00', 'YYYY-MM-DD HH24:MI:SS'), 'superadmin');
INSERT INTO TB_CM_CD_INF (C_GRP_ID, C_VAL, CNM, SIMP_C_SORT_SQ, MEMO_CNTN1, MEMO_CNTN2, MEMO_CNTN3, MEMO_CNTN4, MEMO_CNTN5, UYN, FSRG_DTM, FSRGMN_ENO, LSCHG_DTM, LS_CMENO) VALUES ('0023', 'KNB', '경남은행', NULL, 'kr.co.direa.endecrypt.knb.KnbEnDecryptor', 'key', NULL, NULL, NULL, 'N', TO_DATE('2020-05-21 00:00:00', 'YYYY-MM-DD HH24:MI:SS'), 'superadmin', TO_DATE('2020-06-01 00:00:00', 'YYYY-MM-DD HH24:MI:SS'), 'superadmin');
INSERT INTO TB_CM_CD_INF (C_GRP_ID, C_VAL, CNM, SIMP_C_SORT_SQ, MEMO_CNTN1, MEMO_CNTN2, MEMO_CNTN3, MEMO_CNTN4, MEMO_CNTN5, UYN, FSRG_DTM, FSRGMN_ENO, LSCHG_DTM, LS_CMENO) VALUES ('0025', 'a', 'authorization_code', 1, NULL, NULL, NULL, NULL, NULL, 'Y', TO_DATE('2020-07-28 00:00:00', 'YYYY-MM-DD HH24:MI:SS'), 'superadmin', TO_DATE('2020-07-28 00:00:00', 'YYYY-MM-DD HH24:MI:SS'), 'superadmin');
INSERT INTO TB_CM_CD_INF (C_GRP_ID, C_VAL, CNM, SIMP_C_SORT_SQ, MEMO_CNTN1, MEMO_CNTN2, MEMO_CNTN3, MEMO_CNTN4, MEMO_CNTN5, UYN, FSRG_DTM, FSRGMN_ENO, LSCHG_DTM, LS_CMENO) VALUES ('0025', 'c', 'client_credentials', 2, NULL, NULL, NULL, NULL, NULL, 'Y', TO_DATE('2020-07-28 00:00:00', 'YYYY-MM-DD HH24:MI:SS'), 'superadmin', TO_DATE('2020-07-28 00:00:00', 'YYYY-MM-DD HH24:MI:SS'), 'superadmin');
INSERT INTO TB_CM_CD_INF (C_GRP_ID, C_VAL, CNM, SIMP_C_SORT_SQ, MEMO_CNTN1, MEMO_CNTN2, MEMO_CNTN3, MEMO_CNTN4, MEMO_CNTN5, UYN, FSRG_DTM, FSRGMN_ENO, LSCHG_DTM, LS_CMENO) VALUES ('0026', '503', 'Service Unavailable', 1, NULL, NULL, NULL, NULL, NULL, 'Y', TO_DATE('2020-08-04 00:00:00', 'YYYY-MM-DD HH24:MI:SS'), 'superadmin', TO_DATE('2020-08-04 00:00:00', 'YYYY-MM-DD HH24:MI:SS'), 'superadmin');
INSERT INTO TB_CM_CD_INF (C_GRP_ID, C_VAL, CNM, SIMP_C_SORT_SQ, MEMO_CNTN1, MEMO_CNTN2, MEMO_CNTN3, MEMO_CNTN4, MEMO_CNTN5, UYN, FSRG_DTM, FSRGMN_ENO, LSCHG_DTM, LS_CMENO) VALUES ('0000', '0024', '유레카 상태 코드', NULL, NULL, NULL, NULL, NULL, NULL, 'Y', TO_DATE('2024-02-21 00:00:00', 'YYYY-MM-DD HH24:MI:SS'), 'superadmin', TO_DATE('2024-02-21 00:00:00', 'YYYY-MM-DD HH24:MI:SS'), 'superadmin');
INSERT INTO TB_CM_CD_INF (C_GRP_ID, C_VAL, CNM, SIMP_C_SORT_SQ, MEMO_CNTN1, MEMO_CNTN2, MEMO_CNTN3, MEMO_CNTN4, MEMO_CNTN5, UYN, FSRG_DTM, FSRGMN_ENO, LSCHG_DTM, LS_CMENO) VALUES ('0024', 'UP', '기동', 1, NULL, NULL, NULL, NULL, NULL, 'Y', TO_DATE('2024-02-21 00:00:00', 'YYYY-MM-DD HH24:MI:SS'), 'superadmin', TO_DATE('2024-02-21 00:00:00', 'YYYY-MM-DD HH24:MI:SS'), 'superadmin');
INSERT INTO TB_CM_CD_INF (C_GRP_ID, C_VAL, CNM, SIMP_C_SORT_SQ, MEMO_CNTN1, MEMO_CNTN2, MEMO_CNTN3, MEMO_CNTN4, MEMO_CNTN5, UYN, FSRG_DTM, FSRGMN_ENO, LSCHG_DTM, LS_CMENO) VALUES ('0024', 'DOWN', '정지', 2, NULL, NULL, NULL, NULL, NULL, 'Y', TO_DATE('2024-02-21 00:00:00', 'YYYY-MM-DD HH24:MI:SS'), 'superadmin', TO_DATE('2024-02-21 00:00:00', 'YYYY-MM-DD HH24:MI:SS'), 'superadmin');
INSERT INTO TB_CM_CD_INF (C_GRP_ID, C_VAL, CNM, SIMP_C_SORT_SQ, MEMO_CNTN1, MEMO_CNTN2, MEMO_CNTN3, MEMO_CNTN4, MEMO_CNTN5, UYN, FSRG_DTM, FSRGMN_ENO, LSCHG_DTM, LS_CMENO) VALUES ('0038', 'GENERATOR', '제너레이터', 3, NULL, NULL, NULL, NULL, NULL, 'Y', TO_DATE('2024-02-22 00:00:00', 'YYYY-MM-DD HH24:MI:SS'), 'superadmin', TO_DATE('2024-02-22 00:00:00', 'YYYY-MM-DD HH24:MI:SS'), 'superadmin');
INSERT INTO TB_CM_CD_INF (C_GRP_ID, C_VAL, CNM, SIMP_C_SORT_SQ, MEMO_CNTN1, MEMO_CNTN2, MEMO_CNTN3, MEMO_CNTN4, MEMO_CNTN5, UYN, FSRG_DTM, FSRGMN_ENO, LSCHG_DTM, LS_CMENO) VALUES ('0038', 'EUREKA', '유레카 서버', 2, NULL, NULL, NULL, NULL, NULL, 'Y', TO_DATE('2024-02-22 00:00:00', 'YYYY-MM-DD HH24:MI:SS'), 'superadmin', TO_DATE('2024-02-22 00:00:00', 'YYYY-MM-DD HH24:MI:SS'), 'superadmin');
INSERT INTO TB_CM_CD_INF (C_GRP_ID, C_VAL, CNM, SIMP_C_SORT_SQ, MEMO_CNTN1, MEMO_CNTN2, MEMO_CNTN3, MEMO_CNTN4, MEMO_CNTN5, UYN, FSRG_DTM, FSRGMN_ENO, LSCHG_DTM, LS_CMENO) VALUES ('0038', 'GATEWAY', '게이트웨이', 4, NULL, NULL, NULL, NULL, NULL, 'Y', TO_DATE('2024-02-22 00:00:00', 'YYYY-MM-DD HH24:MI:SS'), 'superadmin', TO_DATE('2024-02-22 00:00:00', 'YYYY-MM-DD HH24:MI:SS'), 'superadmin');
INSERT INTO TB_CM_CD_INF (C_GRP_ID, C_VAL, CNM, SIMP_C_SORT_SQ, MEMO_CNTN1, MEMO_CNTN2, MEMO_CNTN3, MEMO_CNTN4, MEMO_CNTN5, UYN, FSRG_DTM, FSRGMN_ENO, LSCHG_DTM, LS_CMENO) VALUES ('0038', 'PROXY', '프록시', 5, NULL, NULL, NULL, NULL, NULL, 'Y', TO_DATE('2024-02-29 00:00:00', 'YYYY-MM-DD HH24:MI:SS'), 'superadmin', TO_DATE('2024-02-29 00:00:00', 'YYYY-MM-DD HH24:MI:SS'), 'superadmin');
INSERT INTO TB_CM_CD_INF (C_GRP_ID, C_VAL, CNM, SIMP_C_SORT_SQ, MEMO_CNTN1, MEMO_CNTN2, MEMO_CNTN3, MEMO_CNTN4, MEMO_CNTN5, UYN, FSRG_DTM, FSRGMN_ENO, LSCHG_DTM, LS_CMENO) VALUES ('0000', '0050', 'oAuth 권한코드', NULL, NULL, NULL, NULL, NULL, NULL, 'Y', TO_DATE('2024-03-04 00:00:00', 'YYYY-MM-DD HH24:MI:SS'), 'superadmin', TO_DATE('2024-03-04 00:00:00', 'YYYY-MM-DD HH24:MI:SS'), 'superadmin');
INSERT INTO TB_CM_CD_INF (C_GRP_ID, C_VAL, CNM, SIMP_C_SORT_SQ, MEMO_CNTN1, MEMO_CNTN2, MEMO_CNTN3, MEMO_CNTN4, MEMO_CNTN5, UYN, FSRG_DTM, FSRGMN_ENO, LSCHG_DTM, LS_CMENO) VALUES ('0000', '0015', 'SlidingWindow 타입', NULL, NULL, NULL, NULL, NULL, NULL, 'Y', TO_DATE('2024-03-05 00:00:00', 'YYYY-MM-DD HH24:MI:SS'), 'superadmin', TO_DATE('2024-03-05 00:00:00', 'YYYY-MM-DD HH24:MI:SS'), 'superadmin');
INSERT INTO TB_CM_CD_INF (C_GRP_ID, C_VAL, CNM, SIMP_C_SORT_SQ, MEMO_CNTN1, MEMO_CNTN2, MEMO_CNTN3, MEMO_CNTN4, MEMO_CNTN5, UYN, FSRG_DTM, FSRGMN_ENO, LSCHG_DTM, LS_CMENO) VALUES ('0015', 'COUNT_BASED', 'Count Based', 1, NULL, NULL, NULL, NULL, NULL, 'Y', TO_DATE('2024-03-05 00:00:00', 'YYYY-MM-DD HH24:MI:SS'), 'superadmin', TO_DATE('2024-03-05 00:00:00', 'YYYY-MM-DD HH24:MI:SS'), 'superadmin');
INSERT INTO TB_CM_CD_INF (C_GRP_ID, C_VAL, CNM, SIMP_C_SORT_SQ, MEMO_CNTN1, MEMO_CNTN2, MEMO_CNTN3, MEMO_CNTN4, MEMO_CNTN5, UYN, FSRG_DTM, FSRGMN_ENO, LSCHG_DTM, LS_CMENO) VALUES ('0015', 'TIME_BASED', 'Time Based', 2, NULL, NULL, NULL, NULL, NULL, 'Y', TO_DATE('2024-03-05 00:00:00', 'YYYY-MM-DD HH24:MI:SS'), 'superadmin', TO_DATE('2024-03-05 00:00:00', 'YYYY-MM-DD HH24:MI:SS'), 'superadmin');
INSERT INTO TB_CM_CD_INF (C_GRP_ID, C_VAL, CNM, SIMP_C_SORT_SQ, MEMO_CNTN1, MEMO_CNTN2, MEMO_CNTN3, MEMO_CNTN4, MEMO_CNTN5, UYN, FSRG_DTM, FSRGMN_ENO, LSCHG_DTM, LS_CMENO) VALUES ('0037', 'API', 'API', NULL, NULL, NULL, NULL, NULL, NULL, 'Y', TO_DATE('2021-05-03 00:00:00', 'YYYY-MM-DD HH24:MI:SS'), 'superadmin', TO_DATE('2021-05-03 00:00:00', 'YYYY-MM-DD HH24:MI:SS'), 'superadmin');
INSERT INTO TB_CM_CD_INF (C_GRP_ID, C_VAL, CNM, SIMP_C_SORT_SQ, MEMO_CNTN1, MEMO_CNTN2, MEMO_CNTN3, MEMO_CNTN4, MEMO_CNTN5, UYN, FSRG_DTM, FSRGMN_ENO, LSCHG_DTM, LS_CMENO) VALUES ('0037', 'APP', 'APP', NULL, NULL, NULL, NULL, NULL, NULL, 'Y', TO_DATE('2021-05-03 00:00:00', 'YYYY-MM-DD HH24:MI:SS'), 'superadmin', TO_DATE('2021-05-03 00:00:00', 'YYYY-MM-DD HH24:MI:SS'), 'superadmin');
INSERT INTO TB_CM_CD_INF (C_GRP_ID, C_VAL, CNM, SIMP_C_SORT_SQ, MEMO_CNTN1, MEMO_CNTN2, MEMO_CNTN3, MEMO_CNTN4, MEMO_CNTN5, UYN, FSRG_DTM, FSRGMN_ENO, LSCHG_DTM, LS_CMENO) VALUES ('0037', 'APV', 'APV', NULL, NULL, NULL, NULL, NULL, NULL, 'Y', TO_DATE('2021-05-03 00:00:00', 'YYYY-MM-DD HH24:MI:SS'), 'superadmin', TO_DATE('2021-05-03 00:00:00', 'YYYY-MM-DD HH24:MI:SS'), 'superadmin');
INSERT INTO TB_CM_CD_INF (C_GRP_ID, C_VAL, CNM, SIMP_C_SORT_SQ, MEMO_CNTN1, MEMO_CNTN2, MEMO_CNTN3, MEMO_CNTN4, MEMO_CNTN5, UYN, FSRG_DTM, FSRGMN_ENO, LSCHG_DTM, LS_CMENO) VALUES ('0038', 'CONFIG', 'Config Server', 1, NULL, NULL, NULL, NULL, NULL, 'Y', TO_DATE('2020-08-02 00:00:00', 'YYYY-MM-DD HH24:MI:SS'), 'superadmin', TO_DATE('2024-02-22 00:00:00', 'YYYY-MM-DD HH24:MI:SS'), 'superadmin');
INSERT INTO TB_CM_CD_INF (C_GRP_ID, C_VAL, CNM, SIMP_C_SORT_SQ, MEMO_CNTN1, MEMO_CNTN2, MEMO_CNTN3, MEMO_CNTN4, MEMO_CNTN5, UYN, FSRG_DTM, FSRGMN_ENO, LSCHG_DTM, LS_CMENO) VALUES ('0050', 'client_credentials', 'client_credentials', NULL, NULL, NULL, NULL, NULL, NULL, 'Y', TO_DATE('2021-05-06 00:00:00', 'YYYY-MM-DD HH24:MI:SS'), 'superadmin', TO_DATE('2021-05-06 00:00:00', 'YYYY-MM-DD HH24:MI:SS'), 'superadmin');
INSERT INTO TB_CM_CD_INF (C_GRP_ID, C_VAL, CNM, SIMP_C_SORT_SQ, MEMO_CNTN1, MEMO_CNTN2, MEMO_CNTN3, MEMO_CNTN4, MEMO_CNTN5, UYN, FSRG_DTM, FSRGMN_ENO, LSCHG_DTM, LS_CMENO) VALUES ('0050', 'authorization_code', 'authorization_code', NULL, NULL, NULL, NULL, NULL, NULL, 'Y', TO_DATE('2021-05-06 00:00:00', 'YYYY-MM-DD HH24:MI:SS'), 'superadmin', TO_DATE('2021-05-06 00:00:00', 'YYYY-MM-DD HH24:MI:SS'), 'superadmin');
INSERT INTO TB_CM_CD_INF (C_GRP_ID, C_VAL, CNM, SIMP_C_SORT_SQ, MEMO_CNTN1, MEMO_CNTN2, MEMO_CNTN3, MEMO_CNTN4, MEMO_CNTN5, UYN, FSRG_DTM, FSRGMN_ENO, LSCHG_DTM, LS_CMENO) VALUES ('0102', 'UP', '기동', 1, NULL, NULL, NULL, NULL, NULL, 'Y', TO_DATE('2020-03-28 00:00:00', 'YYYY-MM-DD HH24:MI:SS'), 'superadmin', TO_DATE('2020-03-28 00:00:00', 'YYYY-MM-DD HH24:MI:SS'), 'superadmin');
INSERT INTO TB_CM_CD_INF (C_GRP_ID, C_VAL, CNM, SIMP_C_SORT_SQ, MEMO_CNTN1, MEMO_CNTN2, MEMO_CNTN3, MEMO_CNTN4, MEMO_CNTN5, UYN, FSRG_DTM, FSRGMN_ENO, LSCHG_DTM, LS_CMENO) VALUES ('0102', 'DOWN', '다운', 2, NULL, NULL, NULL, NULL, NULL, 'Y', TO_DATE('2020-03-28 00:00:00', 'YYYY-MM-DD HH24:MI:SS'), 'superadmin', TO_DATE('2020-03-28 00:00:00', 'YYYY-MM-DD HH24:MI:SS'), 'superadmin');
INSERT INTO TB_CM_CD_INF (C_GRP_ID, C_VAL, CNM, SIMP_C_SORT_SQ, MEMO_CNTN1, MEMO_CNTN2, MEMO_CNTN3, MEMO_CNTN4, MEMO_CNTN5, UYN, FSRG_DTM, FSRGMN_ENO, LSCHG_DTM, LS_CMENO) VALUES ('0110', 'I', '등록', 1, NULL, NULL, NULL, NULL, NULL, 'Y', TO_DATE('2020-07-23 00:00:00', 'YYYY-MM-DD HH24:MI:SS'), 'superadmin', TO_DATE('2020-07-23 00:00:00', 'YYYY-MM-DD HH24:MI:SS'), 'superadmin');
INSERT INTO TB_CM_CD_INF (C_GRP_ID, C_VAL, CNM, SIMP_C_SORT_SQ, MEMO_CNTN1, MEMO_CNTN2, MEMO_CNTN3, MEMO_CNTN4, MEMO_CNTN5, UYN, FSRG_DTM, FSRGMN_ENO, LSCHG_DTM, LS_CMENO) VALUES ('0110', 'U', '수정', 2, NULL, NULL, NULL, NULL, NULL, 'Y', TO_DATE('2020-07-23 00:00:00', 'YYYY-MM-DD HH24:MI:SS'), 'superadmin', TO_DATE('2020-07-23 00:00:00', 'YYYY-MM-DD HH24:MI:SS'), 'superadmin');
INSERT INTO TB_CM_CD_INF (C_GRP_ID, C_VAL, CNM, SIMP_C_SORT_SQ, MEMO_CNTN1, MEMO_CNTN2, MEMO_CNTN3, MEMO_CNTN4, MEMO_CNTN5, UYN, FSRG_DTM, FSRGMN_ENO, LSCHG_DTM, LS_CMENO) VALUES ('0110', 'D', '삭제', 3, NULL, NULL, NULL, NULL, NULL, 'Y', TO_DATE('2020-07-23 00:00:00', 'YYYY-MM-DD HH24:MI:SS'), 'superadmin', TO_DATE('2020-07-23 00:00:00', 'YYYY-MM-DD HH24:MI:SS'), 'superadmin');
INSERT INTO TB_CM_CD_INF (C_GRP_ID, C_VAL, CNM, SIMP_C_SORT_SQ, MEMO_CNTN1, MEMO_CNTN2, MEMO_CNTN3, MEMO_CNTN4, MEMO_CNTN5, UYN, FSRG_DTM, FSRGMN_ENO, LSCHG_DTM, LS_CMENO) VALUES ('0000', '0112', 'Refresh URL 관리', NULL, NULL, NULL, NULL, NULL, NULL, 'Y', TO_DATE('2024-02-19 00:00:00', 'YYYY-MM-DD HH24:MI:SS'), 'superadmin', TO_DATE('2024-02-19 00:00:00', 'YYYY-MM-DD HH24:MI:SS'), 'superadmin');
INSERT INTO TB_CM_CD_INF (C_GRP_ID, C_VAL, CNM, SIMP_C_SORT_SQ, MEMO_CNTN1, MEMO_CNTN2, MEMO_CNTN3, MEMO_CNTN4, MEMO_CNTN5, UYN, FSRG_DTM, FSRGMN_ENO, LSCHG_DTM, LS_CMENO) VALUES ('0112', 'bus_refresh', 'bus_refresh', NULL, '/actuator/busrefresh', 'bus_refresh URL', NULL, NULL, NULL, 'Y', TO_DATE('2024-02-19 00:00:00', 'YYYY-MM-DD HH24:MI:SS'), 'superadmin', TO_DATE('2024-02-21 00:00:00', 'YYYY-MM-DD HH24:MI:SS'), 'superadmin');
INSERT INTO TB_CM_CD_INF (C_GRP_ID, C_VAL, CNM, SIMP_C_SORT_SQ, MEMO_CNTN1, MEMO_CNTN2, MEMO_CNTN3, MEMO_CNTN4, MEMO_CNTN5, UYN, FSRG_DTM, FSRGMN_ENO, LSCHG_DTM, LS_CMENO) VALUES ('0112', 'cache_refresh', 'cache_refresh', NULL, '/cache/refresh', 'cache_refresh URL', NULL, NULL, NULL, 'Y', TO_DATE('2024-02-19 00:00:00', 'YYYY-MM-DD HH24:MI:SS'), 'superadmin', TO_DATE('2024-02-19 00:00:00', 'YYYY-MM-DD HH24:MI:SS'), 'superadmin');
INSERT INTO TB_CM_CD_INF (C_GRP_ID, C_VAL, CNM, SIMP_C_SORT_SQ, MEMO_CNTN1, MEMO_CNTN2, MEMO_CNTN3, MEMO_CNTN4, MEMO_CNTN5, UYN, FSRG_DTM, FSRGMN_ENO, LSCHG_DTM, LS_CMENO) VALUES ('0000', '0021', '유레카 호출 경로', NULL, NULL, NULL, NULL, NULL, NULL, 'Y', TO_DATE('2024-02-19 00:00:00', 'YYYY-MM-DD HH24:MI:SS'), 'superadmin', TO_DATE('2024-02-19 00:00:00', 'YYYY-MM-DD HH24:MI:SS'), 'superadmin');
INSERT INTO TB_CM_CD_INF (C_GRP_ID, C_VAL, CNM, SIMP_C_SORT_SQ, MEMO_CNTN1, MEMO_CNTN2, MEMO_CNTN3, MEMO_CNTN4, MEMO_CNTN5, UYN, FSRG_DTM, FSRGMN_ENO, LSCHG_DTM, LS_CMENO) VALUES ('0021', 'apps', '인스턴스정보', NULL, '/eureka/apps', NULL, NULL, NULL, NULL, 'Y', TO_DATE('2024-02-19 00:00:00', 'YYYY-MM-DD HH24:MI:SS'), 'superadmin', TO_DATE('2024-02-19 00:00:00', 'YYYY-MM-DD HH24:MI:SS'), 'superadmin');
INSERT INTO TB_CM_CD_INF (C_GRP_ID, C_VAL, CNM, SIMP_C_SORT_SQ, MEMO_CNTN1, MEMO_CNTN2, MEMO_CNTN3, MEMO_CNTN4, MEMO_CNTN5, UYN, FSRG_DTM, FSRGMN_ENO, LSCHG_DTM, LS_CMENO) VALUES ('0101', 'ENG', 'Engine', 1, '${CRUZAPIM_HOME}/bin/engine-mvc.sh', NULL, NULL, NULL, NULL, NULL, TO_DATE('2024-02-20 00:00:00', 'YYYY-MM-DD HH24:MI:SS'), 'superadmin', TO_DATE('2024-02-20 00:00:00', 'YYYY-MM-DD HH24:MI:SS'), 'superadmin');
INSERT INTO TB_CM_CD_INF (C_GRP_ID, C_VAL, CNM, SIMP_C_SORT_SQ, MEMO_CNTN1, MEMO_CNTN2, MEMO_CNTN3, MEMO_CNTN4, MEMO_CNTN5, UYN, FSRG_DTM, FSRGMN_ENO, LSCHG_DTM, LS_CMENO) VALUES ('0000', '0014', 'API 메소드', NULL, NULL, NULL, NULL, NULL, NULL, 'Y', TO_DATE('2024-02-26 00:00:00', 'YYYY-MM-DD HH24:MI:SS'), 'superadmin', TO_DATE('2024-02-26 00:00:00', 'YYYY-MM-DD HH24:MI:SS'), 'superadmin');
INSERT INTO TB_CM_CD_INF (C_GRP_ID, C_VAL, CNM, SIMP_C_SORT_SQ, MEMO_CNTN1, MEMO_CNTN2, MEMO_CNTN3, MEMO_CNTN4, MEMO_CNTN5, UYN, FSRG_DTM, FSRGMN_ENO, LSCHG_DTM, LS_CMENO) VALUES ('0014', 'POST', 'POST', 1, NULL, NULL, NULL, NULL, NULL, 'Y', TO_DATE('2024-02-26 00:00:00', 'YYYY-MM-DD HH24:MI:SS'), 'superadmin', TO_DATE('2024-02-26 00:00:00', 'YYYY-MM-DD HH24:MI:SS'), 'superadmin');
INSERT INTO TB_CM_CD_INF (C_GRP_ID, C_VAL, CNM, SIMP_C_SORT_SQ, MEMO_CNTN1, MEMO_CNTN2, MEMO_CNTN3, MEMO_CNTN4, MEMO_CNTN5, UYN, FSRG_DTM, FSRGMN_ENO, LSCHG_DTM, LS_CMENO) VALUES ('0014', 'GET', 'GET', 2, NULL, NULL, NULL, NULL, NULL, 'Y', TO_DATE('2024-02-26 00:00:00', 'YYYY-MM-DD HH24:MI:SS'), 'superadmin', TO_DATE('2024-02-26 00:00:00', 'YYYY-MM-DD HH24:MI:SS'), 'superadmin');
INSERT INTO TB_CM_CD_INF (C_GRP_ID, C_VAL, CNM, SIMP_C_SORT_SQ, MEMO_CNTN1, MEMO_CNTN2, MEMO_CNTN3, MEMO_CNTN4, MEMO_CNTN5, UYN, FSRG_DTM, FSRGMN_ENO, LSCHG_DTM, LS_CMENO) VALUES ('0014', 'PUT', 'PUT', 3, NULL, NULL, NULL, NULL, NULL, 'Y', TO_DATE('2024-02-26 00:00:00', 'YYYY-MM-DD HH24:MI:SS'), 'superadmin', TO_DATE('2024-02-26 00:00:00', 'YYYY-MM-DD HH24:MI:SS'), 'superadmin');
INSERT INTO TB_CM_CD_INF (C_GRP_ID, C_VAL, CNM, SIMP_C_SORT_SQ, MEMO_CNTN1, MEMO_CNTN2, MEMO_CNTN3, MEMO_CNTN4, MEMO_CNTN5, UYN, FSRG_DTM, FSRGMN_ENO, LSCHG_DTM, LS_CMENO) VALUES ('0014', 'DELETE', 'DELETE', 4, NULL, NULL, NULL, NULL, NULL, 'Y', TO_DATE('2024-02-26 00:00:00', 'YYYY-MM-DD HH24:MI:SS'), 'superadmin', TO_DATE('2024-02-26 00:00:00', 'YYYY-MM-DD HH24:MI:SS'), 'superadmin');
INSERT INTO TB_CM_CD_INF (C_GRP_ID, C_VAL, CNM, SIMP_C_SORT_SQ, MEMO_CNTN1, MEMO_CNTN2, MEMO_CNTN3, MEMO_CNTN4, MEMO_CNTN5, UYN, FSRG_DTM, FSRGMN_ENO, LSCHG_DTM, LS_CMENO) VALUES ('0038', 'ECHO', 'ECHO', 6, NULL, NULL, NULL, NULL, NULL, 'Y', TO_DATE('2024-03-04 00:00:00', 'YYYY-MM-DD HH24:MI:SS'), 'superadmin', TO_DATE('2024-03-04 00:00:00', 'YYYY-MM-DD HH24:MI:SS'), 'superadmin');
INSERT INTO TB_CM_CD_INF (C_GRP_ID, C_VAL, CNM, SIMP_C_SORT_SQ, MEMO_CNTN1, MEMO_CNTN2, MEMO_CNTN3, MEMO_CNTN4, MEMO_CNTN5, UYN, FSRG_DTM, FSRGMN_ENO, LSCHG_DTM, LS_CMENO) VALUES ('0000', '0027', '제너레이터 호출 경로', NULL, NULL, NULL, NULL, NULL, NULL, 'Y', TO_DATE('2024-02-21 00:00:00', 'YYYY-MM-DD HH24:MI:SS'), 'superadmin', TO_DATE('2024-02-27 00:00:00', 'YYYY-MM-DD HH24:MI:SS'), 'superadmin');
INSERT INTO TB_CM_CD_INF (C_GRP_ID, C_VAL, CNM, SIMP_C_SORT_SQ, MEMO_CNTN1, MEMO_CNTN2, MEMO_CNTN3, MEMO_CNTN4, MEMO_CNTN5, UYN, FSRG_DTM, FSRGMN_ENO, LSCHG_DTM, LS_CMENO) VALUES ('0000', '0016', '거래제한 타입', NULL, NULL, NULL, NULL, NULL, NULL, 'Y', TO_DATE('2024-06-18 00:00:00', 'YYYY-MM-DD HH24:MI:SS'), 'superadmin', TO_DATE('2024-06-18 00:00:00', 'YYYY-MM-DD HH24:MI:SS'), 'superadmin');
INSERT INTO TB_CM_CD_INF (C_GRP_ID, C_VAL, CNM, SIMP_C_SORT_SQ, MEMO_CNTN1, MEMO_CNTN2, MEMO_CNTN3, MEMO_CNTN4, MEMO_CNTN5, UYN, FSRG_DTM, FSRGMN_ENO, LSCHG_DTM, LS_CMENO) VALUES ('0000', '0101', 'test', NULL, NULL, NULL, NULL, NULL, NULL, 'Y', TO_DATE('2024-06-10 00:00:00', 'YYYY-MM-DD HH24:MI:SS'), 'superadmin', TO_DATE('2024-06-10 00:00:00', 'YYYY-MM-DD HH24:MI:SS'), 'superadmin');
INSERT INTO TB_CM_CD_INF (C_GRP_ID, C_VAL, CNM, SIMP_C_SORT_SQ, MEMO_CNTN1, MEMO_CNTN2, MEMO_CNTN3, MEMO_CNTN4, MEMO_CNTN5, UYN, FSRG_DTM, FSRGMN_ENO, LSCHG_DTM, LS_CMENO) VALUES ('0027', 'plus', '인스턴스 추가', NULL, '/management/engine/scale', NULL, NULL, NULL, NULL, 'Y', TO_DATE('2024-02-21 00:00:00', 'YYYY-MM-DD HH24:MI:SS'), 'superadmin', TO_DATE('2024-02-27 00:00:00', 'YYYY-MM-DD HH24:MI:SS'), 'superadmin');
INSERT INTO TB_CM_CD_INF (C_GRP_ID, C_VAL, CNM, SIMP_C_SORT_SQ, MEMO_CNTN1, MEMO_CNTN2, MEMO_CNTN3, MEMO_CNTN4, MEMO_CNTN5, UYN, FSRG_DTM, FSRGMN_ENO, LSCHG_DTM, LS_CMENO) VALUES ('0027', 'minus', '인스턴스 삭제', NULL, '/management/shutdown', NULL, NULL, NULL, NULL, 'Y', TO_DATE('2024-02-21 00:00:00', 'YYYY-MM-DD HH24:MI:SS'), 'superadmin', TO_DATE('2024-02-27 00:00:00', 'YYYY-MM-DD HH24:MI:SS'), 'superadmin');
INSERT INTO TB_CM_CD_INF (C_GRP_ID, C_VAL, CNM, SIMP_C_SORT_SQ, MEMO_CNTN1, MEMO_CNTN2, MEMO_CNTN3, MEMO_CNTN4, MEMO_CNTN5, UYN, FSRG_DTM, FSRGMN_ENO, LSCHG_DTM, LS_CMENO) VALUES ('0016', 'BLACK', '블랙리스트', 1, NULL, NULL, NULL, NULL, NULL, 'Y', TO_DATE('2024-06-18 00:00:00', 'YYYY-MM-DD HH24:MI:SS'), 'superadmin', TO_DATE('2024-06-18 00:00:00', 'YYYY-MM-DD HH24:MI:SS'), 'superadmin');
INSERT INTO TB_CM_CD_INF (C_GRP_ID, C_VAL, CNM, SIMP_C_SORT_SQ, MEMO_CNTN1, MEMO_CNTN2, MEMO_CNTN3, MEMO_CNTN4, MEMO_CNTN5, UYN, FSRG_DTM, FSRGMN_ENO, LSCHG_DTM, LS_CMENO) VALUES ('0016', 'WHITE', '화이트리스트', 2, NULL, NULL, NULL, NULL, NULL, 'Y', TO_DATE('2024-06-18 00:00:00', 'YYYY-MM-DD HH24:MI:SS'), 'superadmin', TO_DATE('2024-06-18 00:00:00', 'YYYY-MM-DD HH24:MI:SS'), 'superadmin');
INSERT INTO TB_CM_CD_INF (C_GRP_ID, C_VAL, CNM, SIMP_C_SORT_SQ, MEMO_CNTN1, MEMO_CNTN2, MEMO_CNTN3, MEMO_CNTN4, MEMO_CNTN5, UYN, FSRG_DTM, FSRGMN_ENO, LSCHG_DTM, LS_CMENO) VALUES ('0000', '0028', 'API 명세 타입', NULL, NULL, NULL, NULL, NULL, NULL, 'Y', TO_DATE('2024-07-08 00:00:00', 'YYYY-MM-DD HH24:MI:SS'), 'superadmin', TO_DATE('2024-07-08 00:00:00', 'YYYY-MM-DD HH24:MI:SS'), 'superadmin');
INSERT INTO TB_CM_CD_INF (C_GRP_ID, C_VAL, CNM, SIMP_C_SORT_SQ, MEMO_CNTN1, MEMO_CNTN2, MEMO_CNTN3, MEMO_CNTN4, MEMO_CNTN5, UYN, FSRG_DTM, FSRGMN_ENO, LSCHG_DTM, LS_CMENO) VALUES ('0028', 'String', 'String', 4, NULL, NULL, NULL, NULL, NULL, 'Y', TO_DATE('2024-07-08 00:00:00', 'YYYY-MM-DD HH24:MI:SS'), 'superadmin', TO_DATE('2024-07-08 00:00:00', 'YYYY-MM-DD HH24:MI:SS'), 'superadmin');
INSERT INTO TB_CM_CD_INF (C_GRP_ID, C_VAL, CNM, SIMP_C_SORT_SQ, MEMO_CNTN1, MEMO_CNTN2, MEMO_CNTN3, MEMO_CNTN4, MEMO_CNTN5, UYN, FSRG_DTM, FSRGMN_ENO, LSCHG_DTM, LS_CMENO) VALUES ('0028', 'Int', 'Int', 5, NULL, NULL, NULL, NULL, NULL, 'Y', TO_DATE('2024-07-08 00:00:00', 'YYYY-MM-DD HH24:MI:SS'), 'superadmin', TO_DATE('2024-07-08 00:00:00', 'YYYY-MM-DD HH24:MI:SS'), 'superadmin');
INSERT INTO TB_CM_CD_INF (C_GRP_ID, C_VAL, CNM, SIMP_C_SORT_SQ, MEMO_CNTN1, MEMO_CNTN2, MEMO_CNTN3, MEMO_CNTN4, MEMO_CNTN5, UYN, FSRG_DTM, FSRGMN_ENO, LSCHG_DTM, LS_CMENO) VALUES ('0028', 'Array', 'Array', 1, NULL, NULL, NULL, NULL, NULL, 'Y', TO_DATE('2024-07-08 00:00:00', 'YYYY-MM-DD HH24:MI:SS'), 'superadmin', TO_DATE('2024-07-08 00:00:00', 'YYYY-MM-DD HH24:MI:SS'), 'superadmin');
INSERT INTO TB_CM_CD_INF (C_GRP_ID, C_VAL, CNM, SIMP_C_SORT_SQ, MEMO_CNTN1, MEMO_CNTN2, MEMO_CNTN3, MEMO_CNTN4, MEMO_CNTN5, UYN, FSRG_DTM, FSRGMN_ENO, LSCHG_DTM, LS_CMENO) VALUES ('0028', 'Obejct', 'Obejct', 2, NULL, NULL, NULL, NULL, NULL, 'Y', TO_DATE('2024-07-08 00:00:00', 'YYYY-MM-DD HH24:MI:SS'), 'superadmin', TO_DATE('2024-07-08 00:00:00', 'YYYY-MM-DD HH24:MI:SS'), 'superadmin');
INSERT INTO TB_CM_CD_INF (C_GRP_ID, C_VAL, CNM, SIMP_C_SORT_SQ, MEMO_CNTN1, MEMO_CNTN2, MEMO_CNTN3, MEMO_CNTN4, MEMO_CNTN5, UYN, FSRG_DTM, FSRGMN_ENO, LSCHG_DTM, LS_CMENO) VALUES ('0028', 'Float', 'Float', 7, NULL, NULL, NULL, NULL, NULL, 'Y', TO_DATE('2024-07-08 00:00:00', 'YYYY-MM-DD HH24:MI:SS'), 'superadmin', TO_DATE('2024-07-08 00:00:00', 'YYYY-MM-DD HH24:MI:SS'), 'superadmin');
INSERT INTO TB_CM_CD_INF (C_GRP_ID, C_VAL, CNM, SIMP_C_SORT_SQ, MEMO_CNTN1, MEMO_CNTN2, MEMO_CNTN3, MEMO_CNTN4, MEMO_CNTN5, UYN, FSRG_DTM, FSRGMN_ENO, LSCHG_DTM, LS_CMENO) VALUES ('0028', 'Double', 'Double', 8, NULL, NULL, NULL, NULL, NULL, 'Y', TO_DATE('2024-07-08 00:00:00', 'YYYY-MM-DD HH24:MI:SS'), 'superadmin', TO_DATE('2024-07-08 00:00:00', 'YYYY-MM-DD HH24:MI:SS'), 'superadmin');
INSERT INTO TB_CM_CD_INF (C_GRP_ID, C_VAL, CNM, SIMP_C_SORT_SQ, MEMO_CNTN1, MEMO_CNTN2, MEMO_CNTN3, MEMO_CNTN4, MEMO_CNTN5, UYN, FSRG_DTM, FSRGMN_ENO, LSCHG_DTM, LS_CMENO) VALUES ('0028', 'Char', 'Char', 3, NULL, NULL, NULL, NULL, NULL, 'Y', TO_DATE('2024-07-08 00:00:00', 'YYYY-MM-DD HH24:MI:SS'), 'superadmin', TO_DATE('2024-07-08 00:00:00', 'YYYY-MM-DD HH24:MI:SS'), 'superadmin');
INSERT INTO TB_CM_CD_INF (C_GRP_ID, C_VAL, CNM, SIMP_C_SORT_SQ, MEMO_CNTN1, MEMO_CNTN2, MEMO_CNTN3, MEMO_CNTN4, MEMO_CNTN5, UYN, FSRG_DTM, FSRGMN_ENO, LSCHG_DTM, LS_CMENO) VALUES ('0028', 'Long', 'Long', 6, NULL, NULL, NULL, NULL, NULL, 'Y', TO_DATE('2024-07-08 00:00:00', 'YYYY-MM-DD HH24:MI:SS'), 'superadmin', TO_DATE('2024-07-08 00:00:00', 'YYYY-MM-DD HH24:MI:SS'), 'superadmin');
INSERT INTO TB_CM_CD_INF (C_GRP_ID, C_VAL, CNM, SIMP_C_SORT_SQ, MEMO_CNTN1, MEMO_CNTN2, MEMO_CNTN3, MEMO_CNTN4, MEMO_CNTN5, UYN, FSRG_DTM, FSRGMN_ENO, LSCHG_DTM, LS_CMENO) VALUES ('0028', 'Boolean', 'Boolean', 9, NULL, NULL, NULL, NULL, NULL, 'Y', TO_DATE('2024-07-08 00:00:00', 'YYYY-MM-DD HH24:MI:SS'), 'superadmin', TO_DATE('2024-07-08 00:00:00', 'YYYY-MM-DD HH24:MI:SS'), 'superadmin');
INSERT INTO TB_CM_CD_INF (C_GRP_ID, C_VAL, CNM, SIMP_C_SORT_SQ, MEMO_CNTN1, MEMO_CNTN2, MEMO_CNTN3, MEMO_CNTN4, MEMO_CNTN5, UYN, FSRG_DTM, FSRGMN_ENO, LSCHG_DTM, LS_CMENO) VALUES ('0000', '0113', '노드정보', 113, '하위코드 내 URL 주소는 각 사이트 내 노드별 IP로 변경하여야 함', NULL, NULL, NULL, NULL, 'Y', TO_DATE('2024-07-08 00:00:00', 'YYYY-MM-DD HH24:MI:SS'), 'superadmin', TO_DATE('2024-07-08 00:00:00', 'YYYY-MM-DD HH24:MI:SS'), 'superadmin');
INSERT INTO TB_CM_CD_INF (C_GRP_ID, C_VAL, CNM, SIMP_C_SORT_SQ, MEMO_CNTN1, MEMO_CNTN2, MEMO_CNTN3, MEMO_CNTN4, MEMO_CNTN5, UYN, FSRG_DTM, FSRGMN_ENO, LSCHG_DTM, LS_CMENO) VALUES ('0113', '01', '노드01', 1, 'http://{노드01IP정보}:8791', NULL, NULL, NULL, NULL, 'Y', TO_DATE('2024-07-08 00:00:00', 'YYYY-MM-DD HH24:MI:SS'), 'superadmin', TO_DATE('2024-07-08 00:00:00', 'YYYY-MM-DD HH24:MI:SS'), 'superadmin');
INSERT INTO TB_CM_CD_INF (C_GRP_ID, C_VAL, CNM, SIMP_C_SORT_SQ, MEMO_CNTN1, MEMO_CNTN2, MEMO_CNTN3, MEMO_CNTN4, MEMO_CNTN5, UYN, FSRG_DTM, FSRGMN_ENO, LSCHG_DTM, LS_CMENO) VALUES ('0000', '0114', '배치상태코드', 114, NULL, NULL, NULL, NULL, NULL, 'Y', TO_DATE('2024-07-08 00:00:00', 'YYYY-MM-DD HH24:MI:SS'), 'superadmin', TO_DATE('2024-07-08 00:00:00', 'YYYY-MM-DD HH24:MI:SS'), 'superadmin');
INSERT INTO TB_CM_CD_INF (C_GRP_ID, C_VAL, CNM, SIMP_C_SORT_SQ, MEMO_CNTN1, MEMO_CNTN2, MEMO_CNTN3, MEMO_CNTN4, MEMO_CNTN5, UYN, FSRG_DTM, FSRGMN_ENO, LSCHG_DTM, LS_CMENO) VALUES ('0114', 'WAIT', '대기', 1, NULL, NULL, NULL, NULL, NULL, 'Y', TO_DATE('2024-07-08 00:00:00', 'YYYY-MM-DD HH24:MI:SS'), 'superadmin', TO_DATE('2024-07-08 00:00:00', 'YYYY-MM-DD HH24:MI:SS'), 'superadmin');
INSERT INTO TB_CM_CD_INF (C_GRP_ID, C_VAL, CNM, SIMP_C_SORT_SQ, MEMO_CNTN1, MEMO_CNTN2, MEMO_CNTN3, MEMO_CNTN4, MEMO_CNTN5, UYN, FSRG_DTM, FSRGMN_ENO, LSCHG_DTM, LS_CMENO) VALUES ('0114', 'ING', '진행', 2, NULL, NULL, NULL, NULL, NULL, 'Y', TO_DATE('2024-07-08 00:00:00', 'YYYY-MM-DD HH24:MI:SS'), 'superadmin', TO_DATE('2024-07-08 00:00:00', 'YYYY-MM-DD HH24:MI:SS'), 'superadmin');

-- changeset apim:1738745134900-49
INSERT INTO TB_CM_DEPT_INFO (DEPT_ID, DEPT_NM, DEPT_PARENT, DEPT_DEPT, DEPT_ORDER) VALUES ('10000', '디리아', NULL, 0, 1);
INSERT INTO TB_CM_DEPT_INFO (DEPT_ID, DEPT_NM, DEPT_PARENT, DEPT_DEPT, DEPT_ORDER) VALUES ('20000', '경영', '10000', 1, 1);
INSERT INTO TB_CM_DEPT_INFO (DEPT_ID, DEPT_NM, DEPT_PARENT, DEPT_DEPT, DEPT_ORDER) VALUES ('30000', '기술컨설팅', '10000', 1, 2);
INSERT INTO TB_CM_DEPT_INFO (DEPT_ID, DEPT_NM, DEPT_PARENT, DEPT_DEPT, DEPT_ORDER) VALUES ('60000', 'SI사업부', '10000', 1, 5);
INSERT INTO TB_CM_DEPT_INFO (DEPT_ID, DEPT_NM, DEPT_PARENT, DEPT_DEPT, DEPT_ORDER) VALUES ('23121', '312321', '10000', 1, 6);
INSERT INTO TB_CM_DEPT_INFO (DEPT_ID, DEPT_NM, DEPT_PARENT, DEPT_DEPT, DEPT_ORDER) VALUES ('4444', '14214', '10000', 1, 7);

-- changeset apim:1738745134900-50
INSERT INTO TB_CM_MN_INF (MENU_ID, MENU_DSC, UP_MENU_ID, MNNM_CNTN, MENU_ENM, MENU_EARNM, MENU_LVL_C, MENU_SORT_SQ, MENU_PGID, MENU_IMGNM, MENU_UYN, FSRG_DTM, FSRGMN_ENO, LSCHG_DTM, LS_CMENO) VALUES ('X010', NULL, '0', '인스턴스', 'Instance Management', 'IMIM', '1', 1, NULL, 'img&#47;menu_icon&#47;2001_project_management.svg', 'Y', TO_DATE('2024-02-20 00:00:00', 'YYYY-MM-DD HH24:MI:SS'), 'superadmin', TO_DATE('2024-02-20 00:00:00', 'YYYY-MM-DD HH24:MI:SS'), 'superadmin');
INSERT INTO TB_CM_MN_INF (MENU_ID, MENU_DSC, UP_MENU_ID, MNNM_CNTN, MENU_ENM, MENU_EARNM, MENU_LVL_C, MENU_SORT_SQ, MENU_PGID, MENU_IMGNM, MENU_UYN, FSRG_DTM, FSRGMN_ENO, LSCHG_DTM, LS_CMENO) VALUES ('X090', NULL, '0', '시스템', 'System Management', 'IMSY', '1', 90, NULL, 'img&#47;menu_icon&#47;8001_system_management.svg', 'Y', TO_DATE('2019-09-02 00:00:00', 'YYYY-MM-DD HH24:MI:SS'), '11303822', TO_DATE('2024-02-21 00:00:00', 'YYYY-MM-DD HH24:MI:SS'), 'superadmin');
INSERT INTO TB_CM_MN_INF (MENU_ID, MENU_DSC, UP_MENU_ID, MNNM_CNTN, MENU_ENM, MENU_EARNM, MENU_LVL_C, MENU_SORT_SQ, MENU_PGID, MENU_IMGNM, MENU_UYN, FSRG_DTM, FSRGMN_ENO, LSCHG_DTM, LS_CMENO) VALUES ('X100', NULL, '0', '모니터링', 'Monitoring', 'IMMN', '1', 0, NULL, 'img/menu_icon/4001_batch_management.svg', 'Y', TO_DATE('2019-10-11 00:00:00', 'YYYY-MM-DD HH24:MI:SS'), '11303822', TO_DATE('2019-10-11 00:00:00', 'YYYY-MM-DD HH24:MI:SS'), '11303822');
INSERT INTO TB_CM_MN_INF (MENU_ID, MENU_DSC, UP_MENU_ID, MNNM_CNTN, MENU_ENM, MENU_EARNM, MENU_LVL_C, MENU_SORT_SQ, MENU_PGID, MENU_IMGNM, MENU_UYN, FSRG_DTM, FSRGMN_ENO, LSCHG_DTM, LS_CMENO) VALUES ('X080', NULL, '0', '배치', 'Automated Performance Management', 'IMAP', '1', 70, NULL, 'img&#47;menu_icon&#47;7001_batch_management.svg', 'Y', TO_DATE('2020-02-19 00:00:00', 'YYYY-MM-DD HH24:MI:SS'), 'superadmin', TO_DATE('2024-02-21 00:00:00', 'YYYY-MM-DD HH24:MI:SS'), 'superadmin');
INSERT INTO TB_CM_MN_INF (MENU_ID, MENU_DSC, UP_MENU_ID, MNNM_CNTN, MENU_ENM, MENU_EARNM, MENU_LVL_C, MENU_SORT_SQ, MENU_PGID, MENU_IMGNM, MENU_UYN, FSRG_DTM, FSRGMN_ENO, LSCHG_DTM, LS_CMENO) VALUES ('X040', NULL, '0', 'API', 'Business Management', 'IMBM', '1', 3, NULL, 'img&#47;menu_icon&#47;6001_control_management.svg', 'Y', TO_DATE('2020-03-30 00:00:00', 'YYYY-MM-DD HH24:MI:SS'), 'superadmin', TO_DATE('2024-02-21 00:00:00', 'YYYY-MM-DD HH24:MI:SS'), 'superadmin');
INSERT INTO TB_CM_MN_INF (MENU_ID, MENU_DSC, UP_MENU_ID, MNNM_CNTN, MENU_ENM, MENU_EARNM, MENU_LVL_C, MENU_SORT_SQ, MENU_PGID, MENU_IMGNM, MENU_UYN, FSRG_DTM, FSRGMN_ENO, LSCHG_DTM, LS_CMENO) VALUES ('X110', NULL, '0', '인증', 'OAuth Management', 'IMOA', '1', 8, NULL, 'img&#47;menu_icon&#47;4001_batch_management.svg', 'Y', TO_DATE('2020-07-22 00:00:00', 'YYYY-MM-DD HH24:MI:SS'), 'superadmin', TO_DATE('2024-02-21 00:00:00', 'YYYY-MM-DD HH24:MI:SS'), 'superadmin');

-- changeset apim:1738745134900-51
INSERT INTO TB_CM_PRG_INF (PGID, PGMNM, MENU_ID, BSC_FL_PATHNM, IMG_URLNM, SCRN_DSC, SIMP_C_SORT_SQ, UYN, FSRG_DTM, FSRGMN_ENO, LSCHG_DTM, LS_CMENO) VALUES ('IMOA0106', 'API KEY', 'X110', '&#47;IMOA&#47;IMOA0106.jsp', NULL, '1', 6, 'Y', TO_DATE('2024-02-21 00:00:00', 'YYYY-MM-DD HH24:MI:SS'), 'superadmin', TO_DATE('2024-02-21 00:00:00', 'YYYY-MM-DD HH24:MI:SS'), 'superadmin');
INSERT INTO TB_CM_PRG_INF (PGID, PGMNM, MENU_ID, BSC_FL_PATHNM, IMG_URLNM, SCRN_DSC, SIMP_C_SORT_SQ, UYN, FSRG_DTM, FSRGMN_ENO, LSCHG_DTM, LS_CMENO) VALUES ('IMBM0107', 'API 테스트 신청', 'X040', '&#47;IMBM&#47;IMBM0107.jsp', NULL, '1', 400105, 'Y', TO_DATE('2024-02-20 00:00:00', 'YYYY-MM-DD HH24:MI:SS'), 'superadmin', TO_DATE('2024-02-29 00:00:00', 'YYYY-MM-DD HH24:MI:SS'), 'superadmin');
INSERT INTO TB_CM_PRG_INF (PGID, PGMNM, MENU_ID, BSC_FL_PATHNM, IMG_URLNM, SCRN_DSC, SIMP_C_SORT_SQ, UYN, FSRG_DTM, FSRGMN_ENO, LSCHG_DTM, LS_CMENO) VALUES ('IMIM0101', '인스턴스 상태', 'X010', '&#47;IMIM&#47;IMIM0101.jsp', NULL, '1', 100101, 'Y', TO_DATE('2024-02-20 00:00:00', 'YYYY-MM-DD HH24:MI:SS'), 'superadmin', TO_DATE('2024-02-22 00:00:00', 'YYYY-MM-DD HH24:MI:SS'), 'superadmin');
INSERT INTO TB_CM_PRG_INF (PGID, PGMNM, MENU_ID, BSC_FL_PATHNM, IMG_URLNM, SCRN_DSC, SIMP_C_SORT_SQ, UYN, FSRG_DTM, FSRGMN_ENO, LSCHG_DTM, LS_CMENO) VALUES ('IMBM0106', 'API 테스트', 'X040', '&#47;IMBM&#47;IMBM0106.jsp', NULL, '1', 400107, 'Y', TO_DATE('2024-02-20 00:00:00', 'YYYY-MM-DD HH24:MI:SS'), 'superadmin', TO_DATE('2024-02-29 00:00:00', 'YYYY-MM-DD HH24:MI:SS'), 'superadmin');
INSERT INTO TB_CM_PRG_INF (PGID, PGMNM, MENU_ID, BSC_FL_PATHNM, IMG_URLNM, SCRN_DSC, SIMP_C_SORT_SQ, UYN, FSRG_DTM, FSRGMN_ENO, LSCHG_DTM, LS_CMENO) VALUES ('IMBM0108', 'API 테스트 승인', 'X040', '&#47;IMBM&#47;IMBM0108.jsp', NULL, '1', 400106, 'Y', TO_DATE('2024-02-21 00:00:00', 'YYYY-MM-DD HH24:MI:SS'), 'superadmin', TO_DATE('2024-02-29 00:00:00', 'YYYY-MM-DD HH24:MI:SS'), 'superadmin');
INSERT INTO TB_CM_PRG_INF (PGID, PGMNM, MENU_ID, BSC_FL_PATHNM, IMG_URLNM, SCRN_DSC, SIMP_C_SORT_SQ, UYN, FSRG_DTM, FSRGMN_ENO, LSCHG_DTM, LS_CMENO) VALUES ('IMSY0109', '공지게시판', 'X090', '&#47;IMSY&#47;IMSY0109.jsp', NULL, '1', 100009, 'Y', TO_DATE('2024-02-21 00:00:00', 'YYYY-MM-DD HH24:MI:SS'), 'superadmin', TO_DATE('2024-02-21 00:00:00', 'YYYY-MM-DD HH24:MI:SS'), 'superadmin');
INSERT INTO TB_CM_PRG_INF (PGID, PGMNM, MENU_ID, BSC_FL_PATHNM, IMG_URLNM, SCRN_DSC, SIMP_C_SORT_SQ, UYN, FSRG_DTM, FSRGMN_ENO, LSCHG_DTM, LS_CMENO) VALUES ('IMOA0107', '거래제한', 'X110', '&#47;IMOA&#47;IMOA0107.jsp', NULL, '1', 7, 'Y', TO_DATE('2024-02-22 00:00:00', 'YYYY-MM-DD HH24:MI:SS'), 'superadmin', TO_DATE('2024-02-22 00:00:00', 'YYYY-MM-DD HH24:MI:SS'), 'superadmin');
INSERT INTO TB_CM_PRG_INF (PGID, PGMNM, MENU_ID, BSC_FL_PATHNM, IMG_URLNM, SCRN_DSC, SIMP_C_SORT_SQ, UYN, FSRG_DTM, FSRGMN_ENO, LSCHG_DTM, LS_CMENO) VALUES ('IMSY0108', '조직 구성', 'X090', '&#47;IMSY&#47;IMSY0108.jsp', NULL, '1', 100008, 'Y', TO_DATE('2024-02-18 00:00:00', 'YYYY-MM-DD HH24:MI:SS'), 'superadmin', TO_DATE('2024-02-22 00:00:00', 'YYYY-MM-DD HH24:MI:SS'), 'superadmin');
INSERT INTO TB_CM_PRG_INF (PGID, PGMNM, MENU_ID, BSC_FL_PATHNM, IMG_URLNM, SCRN_DSC, SIMP_C_SORT_SQ, UYN, FSRG_DTM, FSRGMN_ENO, LSCHG_DTM, LS_CMENO) VALUES ('IMOA0103', '인증 기관', 'X110', '&#47;IMOA&#47;IMOA0103.jsp', NULL, '1', 1, 'Y', TO_DATE('2024-02-16 00:00:00', 'YYYY-MM-DD HH24:MI:SS'), 'superadmin', TO_DATE('2024-02-22 00:00:00', 'YYYY-MM-DD HH24:MI:SS'), 'superadmin');
INSERT INTO TB_CM_PRG_INF (PGID, PGMNM, MENU_ID, BSC_FL_PATHNM, IMG_URLNM, SCRN_DSC, SIMP_C_SORT_SQ, UYN, FSRG_DTM, FSRGMN_ENO, LSCHG_DTM, LS_CMENO) VALUES ('IMAP0102', '배치 수행 로그', 'X080', '&#47;IMAP&#47;IMAP0102.jsp', NULL, '1', 800002, 'Y', TO_DATE('2020-02-26 00:00:00', 'YYYY-MM-DD HH24:MI:SS'), 'superadmin', TO_DATE('2024-02-21 00:00:00', 'YYYY-MM-DD HH24:MI:SS'), 'superadmin');
INSERT INTO TB_CM_PRG_INF (PGID, PGMNM, MENU_ID, BSC_FL_PATHNM, IMG_URLNM, SCRN_DSC, SIMP_C_SORT_SQ, UYN, FSRG_DTM, FSRGMN_ENO, LSCHG_DTM, LS_CMENO) VALUES ('IMAP0101', '배치 프로그램', 'X080', '&#47;IMAP&#47;IMAP0101.jsp', NULL, '1', 800001, 'Y', TO_DATE('2020-02-19 00:00:00', 'YYYY-MM-DD HH24:MI:SS'), 'superadmin', TO_DATE('2024-02-21 00:00:00', 'YYYY-MM-DD HH24:MI:SS'), 'superadmin');
INSERT INTO TB_CM_PRG_INF (PGID, PGMNM, MENU_ID, BSC_FL_PATHNM, IMG_URLNM, SCRN_DSC, SIMP_C_SORT_SQ, UYN, FSRG_DTM, FSRGMN_ENO, LSCHG_DTM, LS_CMENO) VALUES ('IMOA0104', '토큰 Scope', 'X110', '&#47;IMOA&#47;IMOA0104.jsp', NULL, '1', 4, 'Y', TO_DATE('2024-02-16 00:00:00', 'YYYY-MM-DD HH24:MI:SS'), 'superadmin', TO_DATE('2024-02-21 00:00:00', 'YYYY-MM-DD HH24:MI:SS'), 'superadmin');
INSERT INTO TB_CM_PRG_INF (PGID, PGMNM, MENU_ID, BSC_FL_PATHNM, IMG_URLNM, SCRN_DSC, SIMP_C_SORT_SQ, UYN, FSRG_DTM, FSRGMN_ENO, LSCHG_DTM, LS_CMENO) VALUES ('IMBM0105', 'API 히스토리', 'X040', '&#47;IMBM&#47;IMBM0105.jsp', NULL, '1', 400108, 'Y', TO_DATE('2024-02-19 00:00:00', 'YYYY-MM-DD HH24:MI:SS'), 'superadmin', TO_DATE('2024-02-21 00:00:00', 'YYYY-MM-DD HH24:MI:SS'), 'superadmin');
INSERT INTO TB_CM_PRG_INF (PGID, PGMNM, MENU_ID, BSC_FL_PATHNM, IMG_URLNM, SCRN_DSC, SIMP_C_SORT_SQ, UYN, FSRG_DTM, FSRGMN_ENO, LSCHG_DTM, LS_CMENO) VALUES ('IMOA0101', 'oAuth 클라이언트', 'X110', '&#47;IMOA&#47;IMOA0101.jsp', NULL, '1', 2, 'Y', TO_DATE('2020-07-22 00:00:00', 'YYYY-MM-DD HH24:MI:SS'), 'superadmin', TO_DATE('2024-02-22 00:00:00', 'YYYY-MM-DD HH24:MI:SS'), 'superadmin');
INSERT INTO TB_CM_PRG_INF (PGID, PGMNM, MENU_ID, BSC_FL_PATHNM, IMG_URLNM, SCRN_DSC, SIMP_C_SORT_SQ, UYN, FSRG_DTM, FSRGMN_ENO, LSCHG_DTM, LS_CMENO) VALUES ('IMIM0103', '로그 관리', 'X010', '&#47;IMIM&#47;IMIM0103.jsp', NULL, '1', 100103, 'Y', TO_DATE('2024-02-26 00:00:00', 'YYYY-MM-DD HH24:MI:SS'), 'superadmin', TO_DATE('2024-02-26 00:00:00', 'YYYY-MM-DD HH24:MI:SS'), 'superadmin');
INSERT INTO TB_CM_PRG_INF (PGID, PGMNM, MENU_ID, BSC_FL_PATHNM, IMG_URLNM, SCRN_DSC, SIMP_C_SORT_SQ, UYN, FSRG_DTM, FSRGMN_ENO, LSCHG_DTM, LS_CMENO) VALUES ('IMSY0101', '사용자', 'X090', '&#47;IMSY&#47;IMSY0101.jsp', NULL, '1', 100001, 'Y', TO_DATE('2019-09-02 00:00:00', 'YYYY-MM-DD HH24:MI:SS'), '11303822', TO_DATE('2024-02-21 00:00:00', 'YYYY-MM-DD HH24:MI:SS'), 'superadmin');
INSERT INTO TB_CM_PRG_INF (PGID, PGMNM, MENU_ID, BSC_FL_PATHNM, IMG_URLNM, SCRN_DSC, SIMP_C_SORT_SQ, UYN, FSRG_DTM, FSRGMN_ENO, LSCHG_DTM, LS_CMENO) VALUES ('IMSY0102', '시스템 코드', 'X090', '&#47;IMSY&#47;IMSY0102.jsp', NULL, '1', 100002, 'Y', TO_DATE('2019-09-02 00:00:00', 'YYYY-MM-DD HH24:MI:SS'), '11303822', TO_DATE('2024-02-21 00:00:00', 'YYYY-MM-DD HH24:MI:SS'), 'superadmin');
INSERT INTO TB_CM_PRG_INF (PGID, PGMNM, MENU_ID, BSC_FL_PATHNM, IMG_URLNM, SCRN_DSC, SIMP_C_SORT_SQ, UYN, FSRG_DTM, FSRGMN_ENO, LSCHG_DTM, LS_CMENO) VALUES ('IMSY0103', '메뉴', 'X090', '&#47;IMSY&#47;IMSY0103.jsp', NULL, '1', 100003, 'Y', TO_DATE('2019-09-02 00:00:00', 'YYYY-MM-DD HH24:MI:SS'), '11303822', TO_DATE('2024-02-21 00:00:00', 'YYYY-MM-DD HH24:MI:SS'), 'superadmin');
INSERT INTO TB_CM_PRG_INF (PGID, PGMNM, MENU_ID, BSC_FL_PATHNM, IMG_URLNM, SCRN_DSC, SIMP_C_SORT_SQ, UYN, FSRG_DTM, FSRGMN_ENO, LSCHG_DTM, LS_CMENO) VALUES ('IMSY0104', '프로그램', 'X090', '&#47;IMSY&#47;IMSY0104.jsp', NULL, '1', 100004, 'Y', TO_DATE('2019-09-02 00:00:00', 'YYYY-MM-DD HH24:MI:SS'), '11303822', TO_DATE('2024-02-21 00:00:00', 'YYYY-MM-DD HH24:MI:SS'), 'superadmin');
INSERT INTO TB_CM_PRG_INF (PGID, PGMNM, MENU_ID, BSC_FL_PATHNM, IMG_URLNM, SCRN_DSC, SIMP_C_SORT_SQ, UYN, FSRG_DTM, FSRGMN_ENO, LSCHG_DTM, LS_CMENO) VALUES ('IMSY0105', '그룹  및 권한', 'X090', '&#47;IMSY&#47;IMSY0105.jsp', NULL, '1', 100005, 'Y', TO_DATE('2019-09-02 00:00:00', 'YYYY-MM-DD HH24:MI:SS'), '11303822', TO_DATE('2024-02-21 00:00:00', 'YYYY-MM-DD HH24:MI:SS'), 'superadmin');
INSERT INTO TB_CM_PRG_INF (PGID, PGMNM, MENU_ID, BSC_FL_PATHNM, IMG_URLNM, SCRN_DSC, SIMP_C_SORT_SQ, UYN, FSRG_DTM, FSRGMN_ENO, LSCHG_DTM, LS_CMENO) VALUES ('IMSY0106', 'WEB 로그', 'X090', '&#47;IMSY&#47;IMSY0106.jsp', NULL, '1', 100006, 'Y', TO_DATE('2019-09-02 00:00:00', 'YYYY-MM-DD HH24:MI:SS'), '11303822', TO_DATE('2024-02-21 00:00:00', 'YYYY-MM-DD HH24:MI:SS'), 'superadmin');
INSERT INTO TB_CM_PRG_INF (PGID, PGMNM, MENU_ID, BSC_FL_PATHNM, IMG_URLNM, SCRN_DSC, SIMP_C_SORT_SQ, UYN, FSRG_DTM, FSRGMN_ENO, LSCHG_DTM, LS_CMENO) VALUES ('IMBM0101', '플로우', 'X040', '&#47;IMBM&#47;IMBM0101.jsp', NULL, '1', 400101, 'Y', TO_DATE('2020-03-30 00:00:00', 'YYYY-MM-DD HH24:MI:SS'), 'superadmin', TO_DATE('2024-02-21 00:00:00', 'YYYY-MM-DD HH24:MI:SS'), 'superadmin');
INSERT INTO TB_CM_PRG_INF (PGID, PGMNM, MENU_ID, BSC_FL_PATHNM, IMG_URLNM, SCRN_DSC, SIMP_C_SORT_SQ, UYN, FSRG_DTM, FSRGMN_ENO, LSCHG_DTM, LS_CMENO) VALUES ('IMBM0102', '클래스', 'X040', '&#47;IMBM&#47;IMBM0102.jsp', NULL, '1', 400102, 'Y', TO_DATE('2020-03-31 00:00:00', 'YYYY-MM-DD HH24:MI:SS'), 'superadmin', TO_DATE('2024-02-21 00:00:00', 'YYYY-MM-DD HH24:MI:SS'), 'superadmin');
INSERT INTO TB_CM_PRG_INF (PGID, PGMNM, MENU_ID, BSC_FL_PATHNM, IMG_URLNM, SCRN_DSC, SIMP_C_SORT_SQ, UYN, FSRG_DTM, FSRGMN_ENO, LSCHG_DTM, LS_CMENO) VALUES ('IMOA0102', 'oAuth 토큰', 'X110', '&#47;IMOA&#47;IMOA0102.jsp', NULL, '1', 5, 'Y', TO_DATE('2020-07-27 00:00:00', 'YYYY-MM-DD HH24:MI:SS'), 'superadmin', TO_DATE('2024-02-22 00:00:00', 'YYYY-MM-DD HH24:MI:SS'), 'superadmin');
INSERT INTO TB_CM_PRG_INF (PGID, PGMNM, MENU_ID, BSC_FL_PATHNM, IMG_URLNM, SCRN_DSC, SIMP_C_SORT_SQ, UYN, FSRG_DTM, FSRGMN_ENO, LSCHG_DTM, LS_CMENO) VALUES ('IMBM0103', 'API', 'X040', '&#47;IMBM&#47;IMBM0103.jsp', NULL, '1', 400103, 'Y', TO_DATE('2020-04-01 00:00:00', 'YYYY-MM-DD HH24:MI:SS'), 'superadmin', TO_DATE('2024-02-21 00:00:00', 'YYYY-MM-DD HH24:MI:SS'), 'superadmin');
INSERT INTO TB_CM_PRG_INF (PGID, PGMNM, MENU_ID, BSC_FL_PATHNM, IMG_URLNM, SCRN_DSC, SIMP_C_SORT_SQ, UYN, FSRG_DTM, FSRGMN_ENO, LSCHG_DTM, LS_CMENO) VALUES ('IMOA0105', 'oAuth 디바이스 코드', 'X110', '&#47;IMOA&#47;IMOA0105.jsp', NULL, '1', 3, 'Y', TO_DATE('2024-02-20 00:00:00', 'YYYY-MM-DD HH24:MI:SS'), 'superadmin', TO_DATE('2024-02-22 00:00:00', 'YYYY-MM-DD HH24:MI:SS'), 'superadmin');
INSERT INTO TB_CM_PRG_INF (PGID, PGMNM, MENU_ID, BSC_FL_PATHNM, IMG_URLNM, SCRN_DSC, SIMP_C_SORT_SQ, UYN, FSRG_DTM, FSRGMN_ENO, LSCHG_DTM, LS_CMENO) VALUES ('IMBM0109', 'FALLBACK', 'X040', '&#47;IMBM&#47;IMBM0109.jsp', NULL, '1', 400109, 'Y', TO_DATE('2024-02-21 00:00:00', 'YYYY-MM-DD HH24:MI:SS'), 'superadmin', TO_DATE('2024-02-21 00:00:00', 'YYYY-MM-DD HH24:MI:SS'), 'superadmin');
INSERT INTO TB_CM_PRG_INF (PGID, PGMNM, MENU_ID, BSC_FL_PATHNM, IMG_URLNM, SCRN_DSC, SIMP_C_SORT_SQ, UYN, FSRG_DTM, FSRGMN_ENO, LSCHG_DTM, LS_CMENO) VALUES ('IMIM0102', '내부서버', 'X010', '&#47;IMIM&#47;IMIM0102.jsp', NULL, '1', 100102, 'Y', TO_DATE('2024-02-22 00:00:00', 'YYYY-MM-DD HH24:MI:SS'), 'superadmin', TO_DATE('2024-02-22 00:00:00', 'YYYY-MM-DD HH24:MI:SS'), 'superadmin');

-- changeset apim:1738745134900-52
INSERT INTO TB_CM_USR (USR_ID, USR_NM, USR_PW, AUTH_GRP_ID, TELNO, MPNO, DEPT_ID, PZCC, JOB_TITLE, LS_LGIN_DTM, LS_LGOT_DTM, USE_YN, LGIN_FAIL_CNT, RG_DTM, RG_ID, CHG_DTM, CHG_ID, OLD_PASSWD1, OLD_PASSWD2, OLD_PASSWD3, OLD_PASSWD4, PASSWD_UP_DT, PASSWD_SQ) VALUES ('superadmin', '슈퍼관리자', 'ZMH9smk/aCZku+nj7xS1NIZ6vee7kDjUJ2yUEvPW3M87sWUnUT+LX812eDAg8DKbEFbLMXQyvgE4d0NCuzuatA==', '9', '0212345678', '01012345678', '10000', '09', NULL, TO_DATE('2024-07-12 00:00:00', 'YYYY-MM-DD HH24:MI:SS'), NULL, 'Y', 0, TO_DATE('2019-04-18 00:00:00', 'YYYY-MM-DD HH24:MI:SS'), 'admin', TO_DATE('2024-05-21 00:00:00', 'YYYY-MM-DD HH24:MI:SS'), 'superadmin', 'B0gd5H1es1+ElWUtBZ0gQX4x+Ukx7UtMisze8s4mxBr2PJCEqWh+M3I+0x406AubjQcmUk/YarxMZ2UttntXSQ==', NULL, NULL, 'MoqzlBZSZOWWJC1O2uPSuRLhrgr1waaHcnkWZHei0wUI37mQspSYQ+WitK8hdI0qoNz2LcLbyU7aFZxDwCYbOw==', TO_DATE('2024-05-21 00:00:00', 'YYYY-MM-DD HH24:MI:SS'), 1);
INSERT INTO TB_CM_USR (USR_ID, USR_NM, USR_PW, AUTH_GRP_ID, TELNO, MPNO, DEPT_ID, PZCC, JOB_TITLE, LS_LGIN_DTM, LS_LGOT_DTM, USE_YN, LGIN_FAIL_CNT, RG_DTM, RG_ID, CHG_DTM, CHG_ID, OLD_PASSWD1, OLD_PASSWD2, OLD_PASSWD3, OLD_PASSWD4, PASSWD_UP_DT, PASSWD_SQ) VALUES ('test1', '홍길동', '1P+416H4ccFj2Vd1lrcUy6CbW4XKXcsEK3a+G9Y+CkrZ5wgD+835YlxIFJ7RfV9ctP0cwk7k2i4BM7XxSi5ocA==', '1', '021234567', '0101234567', '4444', '01', '사원', NULL, NULL, 'Y', NULL, TO_DATE('2024-02-21 00:00:00', 'YYYY-MM-DD HH24:MI:SS'), 'superadmin', TO_DATE('2024-02-29 00:00:00', 'YYYY-MM-DD HH24:MI:SS'), 'superadmin', NULL, NULL, NULL, NULL, NULL, NULL);
INSERT INTO TB_CM_USR (USR_ID, USR_NM, USR_PW, AUTH_GRP_ID, TELNO, MPNO, DEPT_ID, PZCC, JOB_TITLE, LS_LGIN_DTM, LS_LGOT_DTM, USE_YN, LGIN_FAIL_CNT, RG_DTM, RG_ID, CHG_DTM, CHG_ID, OLD_PASSWD1, OLD_PASSWD2, OLD_PASSWD3, OLD_PASSWD4, PASSWD_UP_DT, PASSWD_SQ) VALUES ('test2', '이몽룡', 'GIgO/jmTlQ/qN8dH1eV5enXICM3aX8CTyu4oKlrrIUazfMsbCWpRlO0MjiS660yaowmI2SQot/z9J8zanmhTLQ==', '1', '0549876543', '010-9876-5432', NULL, '02', '대리', NULL, NULL, 'Y', NULL, TO_DATE('2024-02-21 00:00:00', 'YYYY-MM-DD HH24:MI:SS'), 'superadmin', TO_DATE('2024-02-21 00:00:00', 'YYYY-MM-DD HH24:MI:SS'), 'superadmin', NULL, NULL, NULL, NULL, NULL, NULL);
INSERT INTO TB_CM_USR (USR_ID, USR_NM, USR_PW, AUTH_GRP_ID, TELNO, MPNO, DEPT_ID, PZCC, JOB_TITLE, LS_LGIN_DTM, LS_LGOT_DTM, USE_YN, LGIN_FAIL_CNT, RG_DTM, RG_ID, CHG_DTM, CHG_ID, OLD_PASSWD1, OLD_PASSWD2, OLD_PASSWD3, OLD_PASSWD4, PASSWD_UP_DT, PASSWD_SQ) VALUES ('test3', '고주몽', 'jC+zpXcDONBrr9Jqk7Tifci6IfKnDgCA4WMiaHhhpiGgwiwdVcklItTQSjESMsZyw/V0bc/5DY2hX6vHFztysA==', '1', '0337896543', '010-7890-6543', NULL, '03', '과장', NULL, NULL, 'Y', NULL, TO_DATE('2024-02-21 00:00:00', 'YYYY-MM-DD HH24:MI:SS'), 'superadmin', TO_DATE('2024-02-21 00:00:00', 'YYYY-MM-DD HH24:MI:SS'), 'superadmin', NULL, NULL, NULL, NULL, NULL, NULL);
INSERT INTO TB_CM_USR (USR_ID, USR_NM, USR_PW, AUTH_GRP_ID, TELNO, MPNO, DEPT_ID, PZCC, JOB_TITLE, LS_LGIN_DTM, LS_LGOT_DTM, USE_YN, LGIN_FAIL_CNT, RG_DTM, RG_ID, CHG_DTM, CHG_ID, OLD_PASSWD1, OLD_PASSWD2, OLD_PASSWD3, OLD_PASSWD4, PASSWD_UP_DT, PASSWD_SQ) VALUES ('test4', '한석봉', 'rLewb11wJo6UgVdEVO+9S/lbL/Wu+IRWnkLrBRqgejAZ60UoOrwf8hA6xmWZNso/E6wimEWA1ljc2TCOejrYZw==', '1', '0415436789', '010-5432-6789', NULL, '04', '차장', NULL, NULL, 'Y', NULL, TO_DATE('2024-02-21 00:00:00', 'YYYY-MM-DD HH24:MI:SS'), 'superadmin', TO_DATE('2024-02-21 00:00:00', 'YYYY-MM-DD HH24:MI:SS'), 'superadmin', NULL, NULL, NULL, NULL, NULL, NULL);
INSERT INTO TB_CM_USR (USR_ID, USR_NM, USR_PW, AUTH_GRP_ID, TELNO, MPNO, DEPT_ID, PZCC, JOB_TITLE, LS_LGIN_DTM, LS_LGOT_DTM, USE_YN, LGIN_FAIL_CNT, RG_DTM, RG_ID, CHG_DTM, CHG_ID, OLD_PASSWD1, OLD_PASSWD2, OLD_PASSWD3, OLD_PASSWD4, PASSWD_UP_DT, PASSWD_SQ) VALUES ('test5', '이순신', 'PWCMb16D0fC2YgANtIGYZ6abSm3YWITUzTEQEanFGbMBq3kkcYfQJ8ExFi0FpnwM44g7JBfjjYv6jGIFFibt5A==', '1', '0414329876', '0104321987', NULL, '05', '부장', NULL, NULL, 'Y', NULL, TO_DATE('2024-02-21 00:00:00', 'YYYY-MM-DD HH24:MI:SS'), 'superadmin', TO_DATE('2024-02-21 00:00:00', 'YYYY-MM-DD HH24:MI:SS'), 'superadmin', NULL, NULL, NULL, NULL, NULL, NULL);
INSERT INTO TB_CM_USR (USR_ID, USR_NM, USR_PW, AUTH_GRP_ID, TELNO, MPNO, DEPT_ID, PZCC, JOB_TITLE, LS_LGIN_DTM, LS_LGOT_DTM, USE_YN, LGIN_FAIL_CNT, RG_DTM, RG_ID, CHG_DTM, CHG_ID, OLD_PASSWD1, OLD_PASSWD2, OLD_PASSWD3, OLD_PASSWD4, PASSWD_UP_DT, PASSWD_SQ) VALUES ('testttt', 'testtt', 'KzNkUa6WjAGyAVzjawu2M+tRi0FcGJ5SGxUlDcSh9ufY5LLu1EeS6CSVj1Oqoe8ZpQBD6t9b6qUK5udecsJBDQ==', '9', NULL, NULL, NULL, NULL, NULL, TO_DATE('2024-02-26 00:00:00', 'YYYY-MM-DD HH24:MI:SS'), NULL, 'Y', 1, TO_DATE('2024-02-26 00:00:00', 'YYYY-MM-DD HH24:MI:SS'), 'superadmin', TO_DATE('2024-02-26 00:00:00', 'YYYY-MM-DD HH24:MI:SS'), 'testttt', 'ISlfyBEnXXnKLR4HWFNc2jdy9znLO+t2rXtJ1ArCuk1BT+XqX5jh7t8n7yv7BC9ow86vzw9c+WiwaUUVZc2Mhw==', NULL, NULL, NULL, TO_DATE('2024-02-26 00:00:00', 'YYYY-MM-DD HH24:MI:SS'), 1);

-- changeset apim:1738745134900-53
INSERT INTO TB_CM_USR_GRP (AUTH_GRP_ID, GRPNM, FSRG_DTM, FSRGMN_ENO, LSCHG_DTM, LS_CMENO) VALUES ('1', '일반사용자', TO_DATE('2019-09-02 00:00:00', 'YYYY-MM-DD HH24:MI:SS'), '11303822', TO_DATE('2019-09-02 00:00:00', 'YYYY-MM-DD HH24:MI:SS'), '11303822');
INSERT INTO TB_CM_USR_GRP (AUTH_GRP_ID, GRPNM, FSRG_DTM, FSRGMN_ENO, LSCHG_DTM, LS_CMENO) VALUES ('9', '슈퍼관리자', TO_DATE('2019-09-02 00:00:00', 'YYYY-MM-DD HH24:MI:SS'), '11303822', TO_DATE('2019-09-02 00:00:00', 'YYYY-MM-DD HH24:MI:SS'), '11303822');

-- changeset apim:1738745134900-54
INSERT INTO TB_CM_USR_PRG_LST (AUTH_GRP_ID, PGID, INQ_AUTH_YN, RG_AUTH_YN, MOD_AUTH_YN, DEL_AUTH_YN, UYN, FSRG_DTM, FSRGMN_ENO, LSCHG_DTM, LS_CMENO) VALUES ('9', 'IMIM0101', '1', '1', '1', '1', 'Y', TO_DATE('2024-04-23 00:00:00', 'YYYY-MM-DD HH24:MI:SS'), 'superadmin', TO_DATE('2024-04-23 00:00:00', 'YYYY-MM-DD HH24:MI:SS'), 'superadmin');
INSERT INTO TB_CM_USR_PRG_LST (AUTH_GRP_ID, PGID, INQ_AUTH_YN, RG_AUTH_YN, MOD_AUTH_YN, DEL_AUTH_YN, UYN, FSRG_DTM, FSRGMN_ENO, LSCHG_DTM, LS_CMENO) VALUES ('9', 'IMIM0102', '1', '1', '1', '1', 'Y', TO_DATE('2024-04-23 00:00:00', 'YYYY-MM-DD HH24:MI:SS'), 'superadmin', TO_DATE('2024-04-23 00:00:00', 'YYYY-MM-DD HH24:MI:SS'), 'superadmin');
INSERT INTO TB_CM_USR_PRG_LST (AUTH_GRP_ID, PGID, INQ_AUTH_YN, RG_AUTH_YN, MOD_AUTH_YN, DEL_AUTH_YN, UYN, FSRG_DTM, FSRGMN_ENO, LSCHG_DTM, LS_CMENO) VALUES ('9', 'IMIM0103', '1', '1', '1', '1', 'Y', TO_DATE('2024-04-23 00:00:00', 'YYYY-MM-DD HH24:MI:SS'), 'superadmin', TO_DATE('2024-04-23 00:00:00', 'YYYY-MM-DD HH24:MI:SS'), 'superadmin');
INSERT INTO TB_CM_USR_PRG_LST (AUTH_GRP_ID, PGID, INQ_AUTH_YN, RG_AUTH_YN, MOD_AUTH_YN, DEL_AUTH_YN, UYN, FSRG_DTM, FSRGMN_ENO, LSCHG_DTM, LS_CMENO) VALUES ('9', 'IMBM0101', '1', '1', '1', '1', 'Y', TO_DATE('2024-04-23 00:00:00', 'YYYY-MM-DD HH24:MI:SS'), 'superadmin', TO_DATE('2024-04-23 00:00:00', 'YYYY-MM-DD HH24:MI:SS'), 'superadmin');
INSERT INTO TB_CM_USR_PRG_LST (AUTH_GRP_ID, PGID, INQ_AUTH_YN, RG_AUTH_YN, MOD_AUTH_YN, DEL_AUTH_YN, UYN, FSRG_DTM, FSRGMN_ENO, LSCHG_DTM, LS_CMENO) VALUES ('9', 'IMBM0102', '1', '1', '1', '1', 'Y', TO_DATE('2024-04-23 00:00:00', 'YYYY-MM-DD HH24:MI:SS'), 'superadmin', TO_DATE('2024-04-23 00:00:00', 'YYYY-MM-DD HH24:MI:SS'), 'superadmin');
INSERT INTO TB_CM_USR_PRG_LST (AUTH_GRP_ID, PGID, INQ_AUTH_YN, RG_AUTH_YN, MOD_AUTH_YN, DEL_AUTH_YN, UYN, FSRG_DTM, FSRGMN_ENO, LSCHG_DTM, LS_CMENO) VALUES ('9', 'IMBM0103', '1', '1', '1', '1', 'Y', TO_DATE('2024-04-23 00:00:00', 'YYYY-MM-DD HH24:MI:SS'), 'superadmin', TO_DATE('2024-04-23 00:00:00', 'YYYY-MM-DD HH24:MI:SS'), 'superadmin');
INSERT INTO TB_CM_USR_PRG_LST (AUTH_GRP_ID, PGID, INQ_AUTH_YN, RG_AUTH_YN, MOD_AUTH_YN, DEL_AUTH_YN, UYN, FSRG_DTM, FSRGMN_ENO, LSCHG_DTM, LS_CMENO) VALUES ('9', 'IMBM0107', '1', '1', '1', '1', 'Y', TO_DATE('2024-04-23 00:00:00', 'YYYY-MM-DD HH24:MI:SS'), 'superadmin', TO_DATE('2024-04-23 00:00:00', 'YYYY-MM-DD HH24:MI:SS'), 'superadmin');
INSERT INTO TB_CM_USR_PRG_LST (AUTH_GRP_ID, PGID, INQ_AUTH_YN, RG_AUTH_YN, MOD_AUTH_YN, DEL_AUTH_YN, UYN, FSRG_DTM, FSRGMN_ENO, LSCHG_DTM, LS_CMENO) VALUES ('9', 'IMBM0108', '1', '1', '1', '1', 'Y', TO_DATE('2024-04-23 00:00:00', 'YYYY-MM-DD HH24:MI:SS'), 'superadmin', TO_DATE('2024-04-23 00:00:00', 'YYYY-MM-DD HH24:MI:SS'), 'superadmin');
INSERT INTO TB_CM_USR_PRG_LST (AUTH_GRP_ID, PGID, INQ_AUTH_YN, RG_AUTH_YN, MOD_AUTH_YN, DEL_AUTH_YN, UYN, FSRG_DTM, FSRGMN_ENO, LSCHG_DTM, LS_CMENO) VALUES ('9', 'IMBM0106', '1', '1', '1', '1', 'Y', TO_DATE('2024-04-23 00:00:00', 'YYYY-MM-DD HH24:MI:SS'), 'superadmin', TO_DATE('2024-04-23 00:00:00', 'YYYY-MM-DD HH24:MI:SS'), 'superadmin');
INSERT INTO TB_CM_USR_PRG_LST (AUTH_GRP_ID, PGID, INQ_AUTH_YN, RG_AUTH_YN, MOD_AUTH_YN, DEL_AUTH_YN, UYN, FSRG_DTM, FSRGMN_ENO, LSCHG_DTM, LS_CMENO) VALUES ('9', 'IMBM0105', '1', '1', '1', '1', 'Y', TO_DATE('2024-04-23 00:00:00', 'YYYY-MM-DD HH24:MI:SS'), 'superadmin', TO_DATE('2024-04-23 00:00:00', 'YYYY-MM-DD HH24:MI:SS'), 'superadmin');
INSERT INTO TB_CM_USR_PRG_LST (AUTH_GRP_ID, PGID, INQ_AUTH_YN, RG_AUTH_YN, MOD_AUTH_YN, DEL_AUTH_YN, UYN, FSRG_DTM, FSRGMN_ENO, LSCHG_DTM, LS_CMENO) VALUES ('9', 'IMBM0109', '1', '1', '1', '1', 'Y', TO_DATE('2024-04-23 00:00:00', 'YYYY-MM-DD HH24:MI:SS'), 'superadmin', TO_DATE('2024-04-23 00:00:00', 'YYYY-MM-DD HH24:MI:SS'), 'superadmin');
INSERT INTO TB_CM_USR_PRG_LST (AUTH_GRP_ID, PGID, INQ_AUTH_YN, RG_AUTH_YN, MOD_AUTH_YN, DEL_AUTH_YN, UYN, FSRG_DTM, FSRGMN_ENO, LSCHG_DTM, LS_CMENO) VALUES ('9', 'IMOA0103', '1', '1', '1', '1', 'Y', TO_DATE('2024-04-23 00:00:00', 'YYYY-MM-DD HH24:MI:SS'), 'superadmin', TO_DATE('2024-04-23 00:00:00', 'YYYY-MM-DD HH24:MI:SS'), 'superadmin');
INSERT INTO TB_CM_USR_PRG_LST (AUTH_GRP_ID, PGID, INQ_AUTH_YN, RG_AUTH_YN, MOD_AUTH_YN, DEL_AUTH_YN, UYN, FSRG_DTM, FSRGMN_ENO, LSCHG_DTM, LS_CMENO) VALUES ('9', 'IMOA0101', '1', '1', '1', '1', 'Y', TO_DATE('2024-04-23 00:00:00', 'YYYY-MM-DD HH24:MI:SS'), 'superadmin', TO_DATE('2024-04-23 00:00:00', 'YYYY-MM-DD HH24:MI:SS'), 'superadmin');
INSERT INTO TB_CM_USR_PRG_LST (AUTH_GRP_ID, PGID, INQ_AUTH_YN, RG_AUTH_YN, MOD_AUTH_YN, DEL_AUTH_YN, UYN, FSRG_DTM, FSRGMN_ENO, LSCHG_DTM, LS_CMENO) VALUES ('9', 'IMOA0105', '1', '1', '1', '1', 'Y', TO_DATE('2024-04-23 00:00:00', 'YYYY-MM-DD HH24:MI:SS'), 'superadmin', TO_DATE('2024-04-23 00:00:00', 'YYYY-MM-DD HH24:MI:SS'), 'superadmin');
INSERT INTO TB_CM_USR_PRG_LST (AUTH_GRP_ID, PGID, INQ_AUTH_YN, RG_AUTH_YN, MOD_AUTH_YN, DEL_AUTH_YN, UYN, FSRG_DTM, FSRGMN_ENO, LSCHG_DTM, LS_CMENO) VALUES ('9', 'IMOA0104', '1', '1', '1', '1', 'Y', TO_DATE('2024-04-23 00:00:00', 'YYYY-MM-DD HH24:MI:SS'), 'superadmin', TO_DATE('2024-04-23 00:00:00', 'YYYY-MM-DD HH24:MI:SS'), 'superadmin');
INSERT INTO TB_CM_USR_PRG_LST (AUTH_GRP_ID, PGID, INQ_AUTH_YN, RG_AUTH_YN, MOD_AUTH_YN, DEL_AUTH_YN, UYN, FSRG_DTM, FSRGMN_ENO, LSCHG_DTM, LS_CMENO) VALUES ('9', 'IMOA0102', '1', '1', '1', '1', 'Y', TO_DATE('2024-04-23 00:00:00', 'YYYY-MM-DD HH24:MI:SS'), 'superadmin', TO_DATE('2024-04-23 00:00:00', 'YYYY-MM-DD HH24:MI:SS'), 'superadmin');
INSERT INTO TB_CM_USR_PRG_LST (AUTH_GRP_ID, PGID, INQ_AUTH_YN, RG_AUTH_YN, MOD_AUTH_YN, DEL_AUTH_YN, UYN, FSRG_DTM, FSRGMN_ENO, LSCHG_DTM, LS_CMENO) VALUES ('9', 'IMOA0106', '1', '1', '1', '1', 'Y', TO_DATE('2024-04-23 00:00:00', 'YYYY-MM-DD HH24:MI:SS'), 'superadmin', TO_DATE('2024-04-23 00:00:00', 'YYYY-MM-DD HH24:MI:SS'), 'superadmin');
INSERT INTO TB_CM_USR_PRG_LST (AUTH_GRP_ID, PGID, INQ_AUTH_YN, RG_AUTH_YN, MOD_AUTH_YN, DEL_AUTH_YN, UYN, FSRG_DTM, FSRGMN_ENO, LSCHG_DTM, LS_CMENO) VALUES ('9', 'IMOA0107', '1', '1', '1', '1', 'Y', TO_DATE('2024-04-23 00:00:00', 'YYYY-MM-DD HH24:MI:SS'), 'superadmin', TO_DATE('2024-04-23 00:00:00', 'YYYY-MM-DD HH24:MI:SS'), 'superadmin');
INSERT INTO TB_CM_USR_PRG_LST (AUTH_GRP_ID, PGID, INQ_AUTH_YN, RG_AUTH_YN, MOD_AUTH_YN, DEL_AUTH_YN, UYN, FSRG_DTM, FSRGMN_ENO, LSCHG_DTM, LS_CMENO) VALUES ('9', 'IMAP0101', '1', '1', '1', '1', 'Y', TO_DATE('2024-04-23 00:00:00', 'YYYY-MM-DD HH24:MI:SS'), 'superadmin', TO_DATE('2024-04-23 00:00:00', 'YYYY-MM-DD HH24:MI:SS'), 'superadmin');
INSERT INTO TB_CM_USR_PRG_LST (AUTH_GRP_ID, PGID, INQ_AUTH_YN, RG_AUTH_YN, MOD_AUTH_YN, DEL_AUTH_YN, UYN, FSRG_DTM, FSRGMN_ENO, LSCHG_DTM, LS_CMENO) VALUES ('9', 'IMAP0102', '1', '1', '1', '1', 'Y', TO_DATE('2024-04-23 00:00:00', 'YYYY-MM-DD HH24:MI:SS'), 'superadmin', TO_DATE('2024-04-23 00:00:00', 'YYYY-MM-DD HH24:MI:SS'), 'superadmin');
INSERT INTO TB_CM_USR_PRG_LST (AUTH_GRP_ID, PGID, INQ_AUTH_YN, RG_AUTH_YN, MOD_AUTH_YN, DEL_AUTH_YN, UYN, FSRG_DTM, FSRGMN_ENO, LSCHG_DTM, LS_CMENO) VALUES ('9', 'IMSY0101', '1', '1', '1', '1', 'Y', TO_DATE('2024-04-23 00:00:00', 'YYYY-MM-DD HH24:MI:SS'), 'superadmin', TO_DATE('2024-04-23 00:00:00', 'YYYY-MM-DD HH24:MI:SS'), 'superadmin');
INSERT INTO TB_CM_USR_PRG_LST (AUTH_GRP_ID, PGID, INQ_AUTH_YN, RG_AUTH_YN, MOD_AUTH_YN, DEL_AUTH_YN, UYN, FSRG_DTM, FSRGMN_ENO, LSCHG_DTM, LS_CMENO) VALUES ('9', 'IMSY0102', '1', '1', '1', '1', 'Y', TO_DATE('2024-04-23 00:00:00', 'YYYY-MM-DD HH24:MI:SS'), 'superadmin', TO_DATE('2024-04-23 00:00:00', 'YYYY-MM-DD HH24:MI:SS'), 'superadmin');
INSERT INTO TB_CM_USR_PRG_LST (AUTH_GRP_ID, PGID, INQ_AUTH_YN, RG_AUTH_YN, MOD_AUTH_YN, DEL_AUTH_YN, UYN, FSRG_DTM, FSRGMN_ENO, LSCHG_DTM, LS_CMENO) VALUES ('9', 'IMSY0103', '1', '1', '1', '1', 'Y', TO_DATE('2024-04-23 00:00:00', 'YYYY-MM-DD HH24:MI:SS'), 'superadmin', TO_DATE('2024-04-23 00:00:00', 'YYYY-MM-DD HH24:MI:SS'), 'superadmin');
INSERT INTO TB_CM_USR_PRG_LST (AUTH_GRP_ID, PGID, INQ_AUTH_YN, RG_AUTH_YN, MOD_AUTH_YN, DEL_AUTH_YN, UYN, FSRG_DTM, FSRGMN_ENO, LSCHG_DTM, LS_CMENO) VALUES ('9', 'IMSY0104', '1', '1', '1', '1', 'Y', TO_DATE('2024-04-23 00:00:00', 'YYYY-MM-DD HH24:MI:SS'), 'superadmin', TO_DATE('2024-04-23 00:00:00', 'YYYY-MM-DD HH24:MI:SS'), 'superadmin');
INSERT INTO TB_CM_USR_PRG_LST (AUTH_GRP_ID, PGID, INQ_AUTH_YN, RG_AUTH_YN, MOD_AUTH_YN, DEL_AUTH_YN, UYN, FSRG_DTM, FSRGMN_ENO, LSCHG_DTM, LS_CMENO) VALUES ('9', 'IMSY0105', '1', '1', '1', '1', 'Y', TO_DATE('2024-04-23 00:00:00', 'YYYY-MM-DD HH24:MI:SS'), 'superadmin', TO_DATE('2024-04-23 00:00:00', 'YYYY-MM-DD HH24:MI:SS'), 'superadmin');
INSERT INTO TB_CM_USR_PRG_LST (AUTH_GRP_ID, PGID, INQ_AUTH_YN, RG_AUTH_YN, MOD_AUTH_YN, DEL_AUTH_YN, UYN, FSRG_DTM, FSRGMN_ENO, LSCHG_DTM, LS_CMENO) VALUES ('9', 'IMSY0106', '1', '1', '1', '1', 'Y', TO_DATE('2024-04-23 00:00:00', 'YYYY-MM-DD HH24:MI:SS'), 'superadmin', TO_DATE('2024-04-23 00:00:00', 'YYYY-MM-DD HH24:MI:SS'), 'superadmin');
INSERT INTO TB_CM_USR_PRG_LST (AUTH_GRP_ID, PGID, INQ_AUTH_YN, RG_AUTH_YN, MOD_AUTH_YN, DEL_AUTH_YN, UYN, FSRG_DTM, FSRGMN_ENO, LSCHG_DTM, LS_CMENO) VALUES ('9', 'IMSY0108', '1', '1', '1', '1', 'Y', TO_DATE('2024-04-23 00:00:00', 'YYYY-MM-DD HH24:MI:SS'), 'superadmin', TO_DATE('2024-04-23 00:00:00', 'YYYY-MM-DD HH24:MI:SS'), 'superadmin');
INSERT INTO TB_CM_USR_PRG_LST (AUTH_GRP_ID, PGID, INQ_AUTH_YN, RG_AUTH_YN, MOD_AUTH_YN, DEL_AUTH_YN, UYN, FSRG_DTM, FSRGMN_ENO, LSCHG_DTM, LS_CMENO) VALUES ('9', 'IMSY0109', '1', '1', '1', '1', 'Y', TO_DATE('2024-04-23 00:00:00', 'YYYY-MM-DD HH24:MI:SS'), 'superadmin', TO_DATE('2024-04-23 00:00:00', 'YYYY-MM-DD HH24:MI:SS'), 'superadmin');

-- changeset apim:1738745134900-55
INSERT INTO TB_GTW_API_FALLBACK (FALLBACK_ID, FALLBACK_NM, FALLBACK_MSG, RG_DTM, RG_ID, CHG_DTM, CHG_ID) VALUES ('defaultFallback', 'defaultFallback', 'Fallback 호출되었습니다.', TO_DATE('2024-04-05 00:00:00', 'YYYY-MM-DD HH24:MI:SS'), 'superadmin', TO_DATE('2024-04-05 00:00:00', 'YYYY-MM-DD HH24:MI:SS'), 'superadmin');

-- changeset apim:1738745134900-56
INSERT INTO TB_GTW_CIRCUIT_INF (CIRCUIT_CONFIG_ID, FAILURE_RATE_THRESHOLD, MINIMUM_NUMBER_OF_CALLS, PERMITTED_NUMBER_OF_CALLS_IN_HALF_OPEN_STATE, SLIDING_WINDOW_SIZE, SLIDING_WINDOW_TYPE, SLOW_CALL_DURATION_THRESHOLD, SLOW_CALL_RATE_THRESHOLD, WAIT_DURATION_IN_OPEN_STATE) VALUES ('defaultCircuit', 60, 5, 2, 10, 'COUNT_BASED', 3000, 60, 10000);

-- changeset apim:1738745134900-57
INSERT INTO TB_GTW_CLSS_LST (CLSS_ID, CLSS_ETC, CLSS_KRNM, CLSS_PKGNM, CLSS_PRMLST, CLSS_TYPE) VALUES ('RATE_LIMITER', '거래량 제한', 'RateLimiter', 'kr.co.direa.engine.workflow.filter.RateLimitFilter', 'rate_limit', 'FLT');
INSERT INTO TB_GTW_CLSS_LST (CLSS_ID, CLSS_ETC, CLSS_KRNM, CLSS_PKGNM, CLSS_PRMLST, CLSS_TYPE) VALUES ('TRANSFORM', '전문 변환 필터', 'TransformFilter', 'kr.co.direa.engine.workflow.filter.TransformFilter', 'order&#44;bound', 'FLT');

-- changeset apim:1738745134900-58
INSERT INTO TB_GTW_FLW_DTL (FLW_ID, FLW_SQNO, CLSS_ID, CLSS_PRM) VALUES ('pre_inbound_transform', 1, 'TRANSFORM', 'order=pre,bound=in');
INSERT INTO TB_GTW_FLW_DTL (FLW_ID, FLW_SQNO, CLSS_ID, CLSS_PRM) VALUES ('post_inbound_transform', 1, 'TRANSFORM', 'order=post,bound=in');
INSERT INTO TB_GTW_FLW_DTL (FLW_ID, FLW_SQNO, CLSS_ID, CLSS_PRM) VALUES ('pre_outbound_transform', 1, 'TRANSFORM', 'order=pre,bound=out');
INSERT INTO TB_GTW_FLW_DTL (FLW_ID, FLW_SQNO, CLSS_ID, CLSS_PRM) VALUES ('post_outbound_transform', 1, 'TRANSFORM', 'order=post,bound=out');

-- changeset apim:1738745134900-59
INSERT INTO TB_GTW_FLW_MST (FLW_ID, FLW_ETC, FLW_NM) VALUES ('defaultFlow', 'default 플로우 입니다.', 'defaultFlow');
INSERT INTO TB_GTW_FLW_MST (FLW_ID, FLW_ETC, FLW_NM) VALUES ('pre_inbound_transform', '전처리 인바운드 거래 전문 변환 플로우', 'pre_inbound_transform');
INSERT INTO TB_GTW_FLW_MST (FLW_ID, FLW_ETC, FLW_NM) VALUES ('post_inbound_transform', '후처리 인바운드 거래 전문 변환 플로우', 'post_inbound_transform');
INSERT INTO TB_GTW_FLW_MST (FLW_ID, FLW_ETC, FLW_NM) VALUES ('pre_outbound_transform', '전처리 아웃바운드 거래 전문 변환 플로우', 'pre_outbound_transform');
INSERT INTO TB_GTW_FLW_MST (FLW_ID, FLW_ETC, FLW_NM) VALUES ('post_outbound_transform', '후처리 아웃바운드 거래 전문 변환 플로우', 'post_outbound_transform');

-- changeset apim:1738745134900-60
INSERT INTO TB_GTW_SVR_INF (SVR_ID, SVR_ADR, SVR_NM, SVR_TYPE) VALUES ('generator', 'http://192.168.2.12:8741', 'generator', 'GENERATOR');
INSERT INTO TB_GTW_SVR_INF (SVR_ID, SVR_ADR, SVR_NM, SVR_TYPE) VALUES ('eurekaServer', 'http://192.168.2.12:8761', '유레카서버', 'EUREKA');
INSERT INTO TB_GTW_SVR_INF (SVR_ID, SVR_ADR, SVR_NM, SVR_TYPE) VALUES ('gateway', 'http://192.168.2.12:8731', 'gateway', 'GATEWAY');
INSERT INTO TB_GTW_SVR_INF (SVR_ID, SVR_ADR, SVR_NM, SVR_TYPE) VALUES ('nginx', 'http://192.168.2.12:18018', 'nginx', 'PROXY');
INSERT INTO TB_GTW_SVR_INF (SVR_ID, SVR_ADR, SVR_NM, SVR_TYPE) VALUES ('config', 'http://192.168.2.12:8751', 'config', 'CONFIG');

-- changeset apim:1738745134900-61
CREATE UNIQUE INDEX PK_GTW_API_INF_HIS ON TB_GTW_API_INF_HIS(API_ID, CHG_DTM, CHG_ID) TABLESPACE MYINDEXSPACE;

-- changeset apim:1738745134900-62
ALTER TABLE TB_GTW_API_INF_HIS ADD CONSTRAINT PK_GTW_API_INF_HIS PRIMARY KEY (API_ID, CHG_DTM, CHG_ID) USING INDEX PK_GTW_API_INF_HIS;

-- changeset apim:1738745134900-63
CREATE UNIQUE INDEX PK_GTW_API_PROXY_HIS ON TB_GTW_API_PROXY_HIS(API_ID, CHG_DTM, CHG_ID) TABLESPACE MYINDEXSPACE;

-- changeset apim:1738745134900-64
ALTER TABLE TB_GTW_API_PROXY_HIS ADD CONSTRAINT PK_GTW_API_PROXY_HIS PRIMARY KEY (API_ID, CHG_DTM, CHG_ID) USING INDEX PK_GTW_API_PROXY_HIS;

-- changeset apim:1738745134900-65
CREATE UNIQUE INDEX PK_GTW_API_TARGET_HIS ON TB_GTW_API_TARGET_HIS(API_ID, TGT_SEQ, CHG_DTM, CHG_ID) TABLESPACE MYINDEXSPACE;

-- changeset apim:1738745134900-66
ALTER TABLE TB_GTW_API_TARGET_HIS ADD CONSTRAINT PK_GTW_API_TARGET_HIS PRIMARY KEY (API_ID, TGT_SEQ, CHG_DTM, CHG_ID) USING INDEX PK_GTW_API_TARGET_HIS;

-- changeset apim:1738745134900-67
CREATE UNIQUE INDEX PK_GTW_CIRCUIT_INF_HIS ON TB_GTW_CIRCUIT_INF_HIS(CHG_DTM, CHG_ID, CIRCUIT_CONFIG_ID) TABLESPACE MYINDEXSPACE;

-- changeset apim:1738745134900-68
ALTER TABLE TB_GTW_CIRCUIT_INF_HIS ADD CONSTRAINT PK_GTW_CIRCUIT_INF_HIS PRIMARY KEY (CHG_DTM, CHG_ID, CIRCUIT_CONFIG_ID) USING INDEX PK_GTW_CIRCUIT_INF_HIS;

-- changeset apim:1738745134900-69
CREATE UNIQUE INDEX PK_GTW_FLW_DTL_HIS ON TB_GTW_FLW_DTL_HIS(API_ID, CHG_DTM, CHG_ID, FLW_ID, FLW_SQNO) TABLESPACE MYINDEXSPACE;

-- changeset apim:1738745134900-70
ALTER TABLE TB_GTW_FLW_DTL_HIS ADD CONSTRAINT PK_GTW_FLW_DTL_HIS PRIMARY KEY (API_ID, CHG_DTM, CHG_ID, FLW_ID, FLW_SQNO) USING INDEX PK_GTW_FLW_DTL_HIS;

-- changeset apim:1738745134900-71
CREATE INDEX IDX_GTW_AUTH_KEY_API_01 ON TB_GTW_AUTH_KEY_API(API_ID) TABLESPACE MYINDEXSPACE;

-- changeset apim:1738745134900-72
CREATE INDEX IDX_OAUTH_TOKEN_SCOPE_DTL ON TB_GTW_OAUTH_TOKEN_SCOPE_DTL(API_ID) TABLESPACE MYINDEXSPACE;

-- changeset apim:1738745134900-73
CREATE INDEX PK_EXT_CHAN_INF ON TB_EXT_CHAN_INF(CHAN_ID) TABLESPACE MYINDEXSPACE;

-- changeset apim:1738745134900-74
CREATE INDEX PK_TGRM_FIELD ON TB_TGRM_FIELD(LINK_SYS, REPR_TGRM_ID, TGRM_ID, TGRM_SNO) TABLESPACE MYINDEXSPACE;

-- changeset apim:1738745134900-75
CREATE INDEX PK_TGRM_MAPPING ON TB_TGRM_MAPPING(TGRM_MRL_ID) TABLESPACE MYINDEXSPACE;

-- changeset apim:1738745134900-76
CREATE INDEX PK_TGRM_MASTER ON TB_TGRM_MASTER(TGRM_ID, REPR_TGRM_ID) TABLESPACE MYINDEXSPACE;

